,GNGD.GASIMP.CZE.D,GNGD.GASIMP.NLD.D,GNGD.GASIMP.BEL.D,GNGD.GASIMP.POL.D,GNGD.GASIMP.NOR.D,GNGD.GASIMP.DNK.D,GNGD.GASIMP.AUT.D,GNGD.GASIMP.CHE.D,GNGD.GASIMP.RUS.D,GNGD.GASIMP.FRA.D,GNGD.GASIMP.DEU.D,GNGD.GASEXP.CZE.D,GNGD.GASEXP.NLD.D,GNGD.GASEXP.BEL.D,GNGD.GASEXP.POL.D,GNGD.GASEXP.DNK.D,GNGD.GASEXP.AUT.D,GNGD.GASEXP.CHE.D,GNGD.GASEXP.FRA.D,GNGD.GASEXP.DEU.D,GNGD.GASPROD.D
,"Gas imports, Czech","Gas imports, Netherlands","Gas imports, Belgium","Gas imports, Poland","Gas imports, Norway","Gas imports, Denmark","Gas imports, Austria","Gas imports, Switzerland","Gas imports, Russia","Gas imports, France","Gas imports, Germany","Gas exports, Czech","Gas exports, Netherlands","Gas exports, Belgium","Gas exports, Poland","Gas exports, Denmark","Gas exports, Austria","Gas exports, Switzerland","Gas exports, France","Gas exports, Germany",Gas production
2023-10-26,0,719,697,0,1044,0,2,38,0,57,2764,169,30,0,5,0,0,0,0,203,105
2023-10-27,0,626,680,0,1034,0,6,0,0,92,2644,139,46,0,5,8,0,0,0,197,105
2023-10-28,0,566,660,0,1064,0,10,67,0,95,2653,169,94,0,5,17,0,0,0,285,107
2023-10-29,0,507,574,0,1097,0,20,98,0,67,2529,169,83,0,7,21,0,0,0,279,107
2023-10-30,0,563,649,0,1032,0,18,46,0,52,2553,158,23,0,4,23,0,0,0,207,110
2023-10-31,0,519,583,0,1032,0,14,51,0,90,2508,130,46,0,4,0,0,0,0,181,111
2023-11-01,0,507,509,0,1063,0,27,152,0,98,2518,174,127,0,4,0,0,0,0,305,108
2023-11-02,0,510,529,0,1067,0,0,76,0,83,2475,159,62,0,4,0,2,0,0,227,104
2023-11-03,0,590,557,0,1108,0,0,13,0,98,2569,174,32,0,4,0,0,0,0,209,104
2023-11-04,0,564,523,0,1106,0,6,48,0,94,2517,172,50,0,8,0,0,0,0,230,102
2023-11-05,0,562,485,0,1104,0,2,52,0,102,2462,177,23,0,4,0,0,0,0,205,102
2023-11-06,0,628,598,0,1104,0,0,0,0,99,2642,206,13,0,11,0,0,40,0,269,87
2023-11-07,0,727,636,0,1169,0,3,0,0,80,2842,182,64,0,44,0,0,46,0,336,75
2023-11-08,0,717,703,0,1114,0,0,0,0,84,2853,192,32,0,44,0,0,63,0,331,90
2023-11-09,0,712,656,0,1204,0,0,0,0,98,2905,164,106,0,44,0,0,17,0,331,93
2023-11-10,0,704,714,0,1102,0,0,30,0,98,2859,164,22,0,9,0,0,0,0,194,92
2023-11-11,0,721,717,0,1133,0,6,40,0,101,2930,180,34,0,10,0,0,0,0,224,96
2023-11-12,0,761,711,0,1175,0,0,39,0,101,3020,191,71,0,10,0,0,0,0,272,97
2023-11-13,0,671,725,0,1234,0,0,0,0,98,2962,210,70,0,25,0,3,21,0,329,98
2023-11-14,0,639,798,0,1161,0,0,0,0,99,2931,227,33,0,9,0,7,37,0,313,99
2023-11-15,0,735,705,0,1215,0,4,0,0,94,2942,234,34,0,45,25,0,14,0,352,99
2023-11-16,0,776,543,0,1238,0,15,31,0,101,2897,159,178,0,48,0,0,0,0,386,89
2023-11-17,0,814,507,0,1236,0,55,39,0,102,2916,120,43,0,49,0,0,0,0,212,105
2023-11-18,0,783,495,0,1220,0,36,167,0,101,2971,177,74,0,26,0,0,0,0,277,105
2023-11-19,0,742,445,0,1212,0,16,173,0,98,2878,200,103,0,30,0,6,0,0,340,105
2023-11-20,0,749,514,1,1211,0,13,42,0,34,2751,160,85,0,11,0,0,0,0,256,103
2023-11-21,0,635,518,1,1208,0,30,37,0,76,2697,128,61,0,32,17,0,0,0,238,98
2023-11-22,0,673,557,1,1203,12,1,29,0,31,2697,90,72,0,10,0,0,0,0,172,101
2023-11-23,0,626,576,1,1222,31,20,27,0,66,2679,99,36,0,10,0,0,0,0,145,104
2023-11-24,0,755,524,1,1189,0,19,75,0,102,2773,101,88,0,10,0,0,0,0,200,103
2023-11-25,0,781,520,1,1246,0,0,97,0,2,2806,84,29,0,10,0,0,0,0,123,103
2023-11-26,0,771,507,1,1232,0,4,88,0,0,2817,82,16,0,10,0,0,0,0,108,101
2023-11-27,0,761,524,1,1221,0,2,3,0,37,2757,72,8,0,10,1,0,0,0,90,102
2023-11-28,0,696,567,1,1258,0,13,6,0,1,2756,37,0,0,43,59,0,0,0,139,104
2023-11-29,0,704,478,0,1200,0,0,0,0,0,2586,68,0,0,10,15,0,2,0,95,104
2023-11-30,0,733,374,0,1224,0,1,0,0,0,2545,15,22,0,9,39,0,32,0,118,103
2023-12-01,0,699,435,0,1260,0,0,8,0,0,2622,20,19,0,6,48,0,2,0,95,105
2023-12-02,0,801,541,0,1240,0,8,120,0,0,2945,56,72,0,6,16,0,0,0,150,107
2023-12-03,0,820,572,0,1268,0,11,113,0,0,3023,71,75,0,6,37,0,0,0,188,107
2023-12-04,0,894,635,0,1275,0,0,0,0,0,3042,84,95,0,6,32,0,78,0,296,106
2023-12-05,0,834,548,0,1221,0,0,0,0,0,2838,77,103,0,6,21,0,76,0,284,108
2023-12-06,0,745,504,0,1227,0,0,0,0,0,2707,78,60,0,40,3,0,75,0,256,106
2023-12-07,0,767,699,0,1227,0,0,0,0,0,2913,70,12,0,41,0,0,41,0,164,107
2023-12-08,0,808,703,0,1243,0,18,137,0,0,3142,97,83,0,40,0,0,0,0,220,104
2023-12-09,0,826,566,0,1207,15,0,159,0,0,2987,101,83,0,5,0,0,0,0,189,101
2023-12-10,0,755,560,0,1267,0,0,133,0,0,2943,106,82,0,6,0,0,0,0,194,100
2023-12-11,0,777,612,0,1260,0,0,0,0,0,2859,90,105,0,6,0,0,42,0,243,101
2023-12-12,0,770,672,0,1258,0,0,0,0,0,2902,154,45,0,7,0,0,46,0,252,104
2023-12-13,0,735,686,0,1261,9,0,0,0,101,2982,139,38,0,40,0,0,49,0,266,107
2023-12-14,0,753,716,0,1253,0,0,0,0,1,2898,116,40,0,40,0,0,54,0,250,107
2023-12-15,0,814,712,0,1263,0,0,0,0,0,2985,111,82,0,6,0,0,16,0,216,104
2023-12-16,0,792,731,0,1307,8,0,143,0,0,3173,181,26,0,6,0,0,0,0,214,106
2023-12-17,0,805,737,0,1374,0,0,103,0,0,3208,171,142,0,4,0,0,0,0,316,107
2023-12-18,0,837,748,0,1304,1,0,0,0,18,3119,167,8,0,6,0,0,65,0,247,107
2023-12-19,0,793,710,0,1279,6,0,0,0,102,3105,182,9,0,6,0,0,83,0,281,106
2023-12-20,0,781,663,0,1290,6,0,0,0,92,3034,163,37,0,6,0,5,69,0,281,110
2023-12-21,0,723,671,0,1293,0,0,0,0,53,2851,162,34,0,6,0,0,53,0,255,109
2023-12-22,0,732,698,0,1263,0,0,15,0,37,2867,168,15,0,6,0,0,0,0,190,109
2023-12-23,0,759,571,0,1297,4,0,163,0,10,3010,160,8,0,6,0,0,0,0,175,108
2023-12-24,0,713,646,0,1286,6,0,162,0,0,3006,163,56,0,6,0,0,0,0,225,107
2023-12-25,0,712,601,0,1291,5,0,159,0,0,2997,164,0,0,2,0,0,0,0,166,106
2023-12-26,0,711,578,0,1285,6,0,153,0,0,2974,154,72,0,0,0,0,6,0,232,105
2023-12-27,0,788,588,0,1285,7,0,149,0,0,3079,162,43,0,7,0,3,0,0,215,105
2023-12-28,0,809,548,0,1266,0,0,157,0,0,3017,104,100,0,40,0,0,0,0,244,104
2023-12-29,0,803,442,0,1257,0,0,105,0,0,2828,159,95,0,39,0,0,0,0,294,108
2023-12-30,0,733,424,0,1287,0,0,53,0,0,2747,113,131,0,7,0,0,0,0,250,104
2023-12-31,0,695,435,0,1273,14,0,48,0,0,2695,111,36,0,4,0,2,0,0,153,104
2024-01-01,0,543,466,0,1322,0,0,49,0,0,2593,68,78,0,10,0,7,0,0,162,101
2024-01-02,0,610,512,0,1304,0,4,40,0,0,2662,78,115,0,10,0,0,0,0,203,103
2024-01-03,0,603,525,0,1271,0,11,6,0,1,2596,117,47,0,41,0,0,0,0,204,106
2024-01-04,0,569,496,0,1278,0,6,37,0,62,2652,116,39,0,40,0,0,0,0,194,110
2024-01-05,0,637,486,0,1255,0,6,0,0,46,2653,52,85,0,10,13,0,0,0,161,107
2024-01-06,0,660,510,0,1228,0,5,0,0,96,2716,41,108,0,9,1,0,0,0,160,105
2024-01-07,0,704,512,0,1250,0,6,0,0,88,2769,36,125,0,9,23,0,0,0,193,103
2024-01-08,0,701,505,0,1236,0,11,0,0,15,2664,27,104,0,9,57,0,101,0,298,104
2024-01-09,0,754,513,0,1220,0,2,0,0,0,2683,37,128,0,48,102,0,103,0,418,98
2024-01-10,0,698,474,0,1218,0,0,0,0,20,2612,20,61,0,31,48,0,91,0,250,100
2024-01-11,0,697,533,0,1238,0,0,0,0,36,2706,33,86,0,31,31,0,104,0,284,99
2024-01-12,0,659,469,0,1299,0,4,0,0,39,2674,18,46,0,35,24,0,101,0,224,104
2024-01-13,0,691,456,0,1282,0,3,0,0,2,2638,34,99,0,9,0,28,52,0,222,104
2024-01-14,0,702,458,0,1304,0,5,0,0,0,2674,32,101,0,9,0,0,45,0,187,102
2024-01-15,0,673,432,0,1279,0,6,0,0,0,2594,32,31,0,9,7,0,87,0,166,102
2024-01-16,0,665,367,0,1268,0,2,0,0,0,2502,14,18,0,9,0,0,78,0,119,104
2024-01-17,0,672,376,0,1270,0,4,0,0,0,2525,19,156,0,9,0,0,74,0,257,104
2024-01-18,0,643,404,0,1291,0,7,0,0,35,2524,24,146,0,9,0,0,70,0,249,106
2024-01-19,0,667,401,0,1292,0,7,0,0,0,2517,34,71,0,9,0,0,90,0,203,109
2024-01-20,0,658,460,0,1256,0,3,0,0,0,2614,61,44,0,9,0,0,71,0,185,108
2024-01-21,0,618,512,0,1290,0,0,0,0,7,2662,63,34,0,9,0,0,71,0,178,106
2024-01-22,0,561,509,0,1331,0,0,0,0,55,2687,91,6,0,9,19,12,80,0,217,108
2024-01-23,0,547,515,0,1322,0,0,0,0,63,2653,96,17,0,42,22,0,59,0,236,106
2024-01-24,0,557,509,0,1322,0,0,0,0,71,2589,157,59,0,9,23,0,47,0,295,106
2024-01-25,0,524,490,0,1351,0,1,0,0,70,2662,100,110,0,9,0,0,42,0,261,110
2024-01-26,0,526,489,0,1358,15,0,0,0,63,2689,161,12,0,9,0,20,36,0,238,105
2024-01-27,0,627,442,0,1318,1,3,0,0,63,2693,119,74,0,9,0,0,48,0,250,105
2024-01-28,0,627,440,0,1331,9,5,0,0,68,2718,123,74,0,9,0,0,52,0,258,105
2024-01-29,0,563,489,0,1347,9,0,0,0,67,2711,89,51,0,9,0,0,64,0,212,106
2024-01-30,0,583,478,0,1327,10,1,0,0,67,2702,123,77,0,41,0,0,65,0,305,105
2024-01-31,0,544,477,0,1353,8,0,0,0,68,2684,130,93,0,13,0,5,67,0,308,105
2024-02-01,0,577,508,0,1349,0,4,0,0,86,2716,170,0,0,9,0,41,76,0,296,103
2024-02-02,0,661,501,0,1355,0,0,0,0,92,2803,168,7,0,10,0,7,72,0,265,107
2024-02-03,0,633,449,0,1345,0,0,0,0,81,2695,176,49,0,10,0,2,40,0,277,108
2024-02-04,0,649,444,0,1303,5,2,0,0,72,2675,172,21,0,9,0,0,44,0,247,109
2024-02-05,0,644,484,0,1249,0,3,0,0,85,2659,156,20,0,11,38,0,79,0,304,106
2024-02-06,0,691,487,0,1271,0,0,0,0,86,2730,149,21,0,44,31,1,63,0,309,107
2024-02-07,0,641,390,0,1246,0,1,0,0,72,2542,142,5,0,9,0,0,51,0,207,106
2024-02-08,0,628,439,0,1248,0,1,0,0,72,2532,70,55,0,9,0,0,37,0,171,106
2024-02-09,0,586,470,0,1320,0,0,0,0,72,2592,122,12,0,11,0,1,32,0,177,106
2024-02-10,0,584,414,0,1321,0,0,0,0,1,2429,133,17,0,12,0,24,22,0,209,107
2024-02-11,0,556,396,0,1331,0,0,0,0,0,2393,130,4,0,11,0,28,24,0,196,104
2024-02-12,0,578,448,0,1325,0,0,0,0,43,2607,120,25,0,7,0,13,57,0,222,103
2024-02-13,0,592,421,0,1319,0,0,0,0,51,2528,123,7,0,10,0,11,50,0,202,101
2024-02-14,0,601,388,0,1314,0,9,0,0,35,2477,115,30,0,42,0,48,43,0,277,103
2024-02-15,0,579,493,0,1242,0,9,0,0,70,2547,159,7,0,12,0,51,33,0,262,104
2024-02-16,0,559,500,0,1262,6,13,0,0,42,2486,141,7,0,10,0,31,31,0,220,106
2024-02-17,0,553,451,0,1315,9,13,0,0,63,2544,131,16,0,6,0,30,23,0,206,104
2024-02-18,0,547,503,0,1324,7,13,0,0,63,2592,131,3,0,8,0,20,25,0,188,102
2024-02-19,0,605,508,0,1299,0,15,0,0,66,2674,139,45,0,41,0,16,36,0,277,105
2024-02-20,0,646,516,0,1255,0,0,0,0,71,2670,136,7,0,15,0,7,42,0,208,105
2024-02-21,0,610,504,0,1229,0,0,0,0,80,2600,137,1,0,10,0,0,54,0,201,106
2024-02-22,0,596,478,0,1213,0,0,0,0,106,2564,128,39,0,42,0,4,41,0,254,106
2024-02-23,0,646,474,0,1317,9,0,0,0,117,2737,98,61,0,10,0,0,54,0,223,108
2024-02-24,0,633,439,0,1319,9,0,0,0,94,2673,83,53,0,7,0,19,51,0,212,107
2024-02-25,0,640,471,0,1323,0,0,0,0,104,2717,84,92,0,1,0,0,46,0,223,105
2024-02-26,0,631,418,0,1324,0,0,0,0,98,2659,101,53,0,0,0,8,50,0,212,103
2024-02-27,0,699,391,0,1320,0,0,0,0,0,2597,35,113,0,10,0,0,45,0,202,102
2024-02-28,0,694,466,0,1260,0,0,0,0,98,2703,18,191,0,10,0,0,40,0,258,100
2024-02-29,0,619,503,0,1194,0,1,0,0,55,2565,29,15,0,10,0,7,37,0,99,106
2024-03-01,0,548,387,0,1331,0,0,0,0,37,2507,34,32,0,5,0,8,40,0,120,104
2024-03-02,0,587,473,0,1343,0,0,0,0,29,2628,105,0,0,7,0,14,36,0,162,105
2024-03-03,0,558,441,0,1324,0,0,0,0,30,2582,106,0,0,4,0,27,36,0,173,106
2024-03-04,0,604,434,0,1342,0,0,0,0,0,2645,113,0,0,7,0,92,40,0,251,105
2024-03-05,0,557,393,0,1209,4,0,0,0,0,2377,56,23,0,5,0,3,47,0,135,106
2024-03-06,0,625,430,0,1247,1,0,0,0,0,2555,25,21,0,7,0,9,62,0,124,105
2024-03-07,0,659,487,0,1264,1,0,0,0,0,2665,72,0,0,5,0,8,55,0,141,105
2024-03-08,0,613,455,0,1263,2,0,0,0,0,2604,78,19,0,5,0,11,58,0,171,100
2024-03-09,0,550,405,0,1321,0,0,0,0,0,2543,95,10,0,9,0,41,34,0,189,103
2024-03-10,0,556,332,0,1288,0,0,0,0,0,2393,100,21,0,5,0,11,36,0,172,102
2024-03-11,0,583,373,0,1200,0,0,0,0,0,2380,95,69,0,6,0,9,49,0,229,99
2024-03-12,0,575,414,0,1195,0,0,0,0,0,2435,69,29,0,5,0,5,62,0,171,98
2024-03-13,0,613,462,0,1179,0,0,0,0,0,2479,82,20,0,7,0,0,44,0,154,94
2024-03-14,0,603,487,0,1221,0,0,0,0,0,2538,75,0,0,7,0,65,40,0,187,61
2024-03-15,0,706,494,0,1236,0,0,0,0,0,2620,107,95,0,7,0,14,34,0,256,97
2024-03-16,0,620,371,0,1205,10,1,0,0,0,2397,53,73,0,6,0,0,42,0,173,102
2024-03-17,0,608,389,0,1211,4,3,0,0,0,2418,49,59,0,6,0,0,32,0,146,99
2024-03-18,0,556,384,0,1282,0,6,0,0,0,2433,66,5,0,7,0,0,23,0,100,100
2024-03-19,0,590,395,0,1179,0,0,0,0,0,2369,72,33,0,37,0,0,17,0,159,104
2024-03-20,0,674,442,0,1147,0,0,0,0,0,2465,51,34,0,7,0,1,23,0,116,104
2024-03-21,0,630,439,0,1107,0,0,0,0,0,2383,43,5,0,8,0,11,25,0,92,108
2024-03-22,1,625,425,0,1134,0,1,0,0,0,2396,119,17,0,4,0,0,22,0,162,107
2024-03-23,0,596,385,0,1191,0,12,0,0,0,2327,43,5,0,4,0,0,28,0,80,108
2024-03-24,1,641,380,0,1253,0,6,0,0,0,2424,43,61,0,4,0,0,37,0,146,105
2024-03-25,1,618,415,0,1215,0,0,0,0,0,2414,54,30,0,7,0,0,40,0,131,106
2024-03-26,0,783,478,0,1250,2,0,0,0,0,2769,69,153,0,6,0,1,0,0,229,102
2024-03-27,0,579,429,0,1263,0,0,0,0,0,2417,54,9,0,4,0,30,0,0,97,101
2024-03-28,0,595,428,0,1217,0,0,0,0,0,2383,73,33,0,5,0,78,1,0,191,105
2024-03-29,0,553,442,0,1218,0,0,0,0,0,2356,115,38,0,0,0,122,27,0,302,105
2024-03-30,0,362,456,0,1209,1,0,0,0,0,2191,117,78,0,0,0,127,27,0,349,99
2024-03-31,0,451,467,0,1250,10,0,0,0,0,2321,102,47,0,0,0,135,60,0,344,103
2024-04-01,0,527,521,0,1154,0,0,0,0,0,2346,67,18,0,0,0,84,27,0,196,102
2024-04-02,0,598,517,0,1117,0,0,0,0,0,2305,111,11,0,0,0,16,40,0,178,101
2024-04-03,0,693,556,0,1118,0,0,0,0,0,2440,58,38,0,7,0,14,39,0,155,99
2024-04-04,0,687,548,0,1111,0,0,0,0,0,2414,70,32,0,7,0,10,30,0,149,96
2024-04-05,0,656,543,0,1120,0,0,0,0,0,2390,102,33,0,5,0,0,22,0,162,100
2024-04-06,0,617,541,0,1213,0,0,0,0,0,2458,156,88,0,0,0,0,14,0,259,99
2024-04-07,0,575,499,0,1187,0,0,0,0,0,2468,168,107,0,0,0,0,7,0,282,99
2024-04-08,0,604,481,0,1070,4,0,0,0,0,2338,155,46,0,0,0,0,19,0,220,96
2024-04-09,0,617,413,0,1082,0,0,0,0,0,2318,147,53,0,0,0,0,39,0,239,95
2024-04-10,0,700,484,0,1092,0,0,0,0,0,2483,89,58,0,0,0,0,35,0,183,104
2024-04-11,0,634,485,0,1218,6,0,0,0,0,2571,98,72,0,0,0,0,36,0,205,111
2024-04-12,0,688,485,0,1214,0,0,0,0,0,2643,123,100,0,0,0,0,29,0,252,108
2024-04-13,0,609,482,0,1215,0,19,0,0,0,2686,178,103,0,0,0,0,14,0,296,105
2024-04-14,0,543,480,0,1167,0,20,0,0,0,2555,177,102,0,0,0,0,19,0,298,105
2024-04-15,0,595,437,0,1156,0,0,0,0,0,2528,140,67,0,0,0,0,39,0,246,101
2024-04-16,0,592,457,0,1102,0,0,0,0,0,2394,78,73,0,4,0,0,53,0,209,101
2024-04-17,0,607,432,0,1167,0,0,0,0,0,2437,22,119,0,4,0,0,73,0,219,103
2024-04-18,0,561,392,0,1221,0,0,0,0,0,2403,21,84,0,4,0,62,80,0,251,105
2024-04-19,0,540,390,0,1208,0,0,0,0,0,2363,33,19,0,6,0,7,73,0,138,111
2024-04-20,0,567,424,0,1212,0,0,0,0,0,2421,37,46,0,6,0,33,70,0,192,108
2024-04-21,0,539,401,0,1377,0,0,0,0,0,2553,41,74,0,6,0,7,72,0,199,106
2024-04-22,0,626,512,0,1387,0,0,0,0,0,2761,30,14,0,6,0,150,178,0,377,90
2024-04-23,0,771,483,0,1313,0,0,0,0,0,2801,31,66,0,0,0,108,179,0,385,60
2024-04-24,0,742,486,0,1341,0,0,0,0,0,2800,26,69,0,6,0,78,223,0,402,57
2024-04-25,0,685,435,0,1339,10,0,0,0,0,2691,17,59,0,6,0,25,79,0,186,82
2024-04-26,0,691,451,0,1177,0,0,0,0,0,2543,19,5,0,6,0,26,67,0,122,59
2024-04-27,0,677,409,0,1106,0,0,0,0,0,2417,94,129,0,17,0,39,44,0,324,63
2024-04-28,0,615,381,0,1032,0,0,0,0,0,2252,92,166,0,4,0,0,35,0,297,60
2024-04-29,0,646,427,0,1122,0,0,0,0,0,2419,119,137,0,0,0,1,41,0,298,92
2024-04-30,0,575,402,0,1118,0,0,0,0,0,2317,174,82,0,6,0,1,28,0,292,92
2024-05-01,0,488,287,0,1203,0,0,0,0,0,2192,168,187,0,6,0,4,25,0,391,93
2024-05-02,0,486,285,0,1180,0,0,0,0,0,2168,112,92,0,5,0,1,27,0,237,94
2024-05-03,0,486,396,0,1159,11,0,0,0,0,2265,104,154,0,4,0,0,33,0,295,95
2024-05-04,0,452,346,0,1168,0,0,0,0,0,2178,80,237,0,6,0,3,20,0,346,96
2024-05-05,0,425,360,0,1145,0,0,0,0,0,2141,79,184,0,6,0,0,19,0,288,96
2024-05-06,0,416,412,0,1140,0,0,0,0,0,2180,80,126,0,6,0,1,13,0,225,90
2024-05-07,0,415,456,0,1114,0,0,0,0,0,2196,94,227,0,6,0,0,32,0,358,97
2024-05-08,0,461,430,0,1100,0,0,0,0,0,2161,45,224,0,6,0,0,33,0,307,64
2024-05-09,0,444,429,0,1077,0,0,0,0,0,2108,79,96,0,6,0,0,20,0,201,65
2024-05-10,0,451,468,0,1130,0,0,0,0,0,2238,133,66,0,6,0,0,19,0,225,97
2024-05-11,0,444,503,0,1091,0,0,0,0,0,2227,145,13,0,6,0,0,7,0,170,100
2024-05-12,0,408,526,0,1122,7,0,0,0,0,2252,143,32,0,6,0,0,2,0,182,98
2024-05-13,1,486,509,0,1094,11,0,0,0,0,2290,138,72,0,6,0,1,19,0,236,60
2024-05-14,0,489,440,0,1101,0,0,0,0,0,2255,151,56,0,5,0,2,2,0,217,95
2024-05-15,0,460,404,0,1080,0,0,0,0,0,2191,176,13,0,6,0,13,15,0,223,96
2024-05-16,0,494,320,0,1108,0,0,0,0,0,2178,173,13,0,6,0,4,13,0,209,94
2024-05-17,0,457,399,0,1127,0,0,0,0,0,2240,158,27,0,6,0,0,22,0,214,97
2024-05-18,0,420,423,0,1112,0,0,0,0,0,2190,181,82,0,6,0,0,38,0,308,96
2024-05-19,0,479,413,0,1103,11,0,0,0,0,2241,181,138,0,8,0,1,52,0,380,99
2024-05-20,0,525,321,0,1081,5,0,0,0,0,2172,174,207,0,6,0,12,11,0,411,97
2024-05-21,0,415,433,0,651,0,0,0,0,0,1786,54,63,0,6,0,0,30,0,153,61
2024-05-22,0,605,437,0,791,18,0,0,0,0,2111,174,70,0,6,0,0,33,0,284,61
2024-05-23,0,558,416,0,1085,2,0,0,0,0,2319,177,33,0,6,0,3,21,0,240,98
2024-05-24,0,468,353,0,1073,0,0,0,0,0,2166,180,39,0,6,0,0,22,0,247,98
2024-05-25,0,407,382,0,1078,0,0,0,0,0,2109,179,142,0,2,0,6,10,0,338,99
2024-05-26,0,300,378,0,1079,15,0,0,0,0,2012,180,88,0,0,0,0,13,0,282,96
2024-05-27,0,335,458,0,1069,0,0,0,0,0,2103,181,46,0,6,0,6,14,0,253,97
2024-05-28,0,368,443,0,1078,4,0,0,0,0,2190,182,85,0,6,0,7,9,0,289,98
2024-05-29,0,373,385,0,1055,0,0,0,0,0,2109,180,78,0,6,0,0,19,0,284,95
2024-05-30,0,399,367,0,995,0,0,0,0,0,2052,176,87,0,6,0,13,18,0,299,94
2024-05-31,0,422,485,0,1108,0,0,0,0,0,2296,176,82,0,6,0,0,27,0,291,96
2024-06-01,0,454,311,0,1092,0,0,0,0,0,2154,151,89,0,6,0,0,19,0,266,95
2024-06-02,0,457,271,0,1091,0,0,0,0,0,2115,154,110,0,6,0,4,19,0,293,93
2024-06-03,0,485,394,0,1049,14,0,0,0,0,2239,134,62,0,6,0,0,14,0,217,89
2024-06-04,0,411,351,0,1094,0,0,0,0,0,2173,117,60,0,6,0,20,13,0,216,56
2024-06-05,0,404,369,0,1074,0,0,0,0,0,2138,129,42,0,6,0,16,16,0,210,85
2024-06-06,0,439,435,0,1109,0,0,0,0,0,2280,136,23,0,6,0,3,8,0,176,89
2024-06-07,0,416,418,0,1125,0,0,0,0,0,2256,124,60,0,6,0,13,0,0,203,92
2024-06-08,0,374,348,0,1124,0,0,0,0,0,2151,161,22,0,6,0,6,9,0,205,92
2024-06-09,0,398,473,0,1082,0,0,0,0,0,2268,162,24,0,6,0,5,9,0,207,91
2024-06-10,0,473,491,0,913,0,0,0,0,0,2202,149,9,0,6,0,0,0,0,165,87
2024-06-11,0,512,502,0,920,6,0,0,0,0,2255,140,11,0,6,0,0,23,0,181,82
2024-06-12,0,461,495,0,907,11,0,0,0,0,2018,139,11,0,1,0,0,21,0,172,60
2024-06-13,0,559,496,0,905,0,0,0,0,0,2246,145,0,0,5,0,0,20,0,170,88
2024-06-14,0,578,467,0,923,0,0,0,0,0,2257,166,9,0,7,0,3,18,0,203,87
2024-06-15,0,575,475,0,921,0,0,4,0,0,2174,187,74,0,6,0,8,0,0,275,90
2024-06-16,0,535,461,0,956,0,3,0,0,0,2144,182,32,0,6,0,0,0,0,220,88
2024-06-17,0,616,405,0,945,0,0,0,0,0,2154,174,78,0,6,0,0,17,0,275,89
2024-06-18,0,659,462,0,865,0,0,0,0,0,2164,163,41,0,5,0,1,0,0,210,92
2024-06-19,0,676,509,0,881,20,0,12,0,0,2276,162,37,0,5,0,2,15,0,221,90
2024-06-20,0,654,524,0,885,19,0,24,0,0,2275,150,15,0,5,0,7,22,0,198,91
2024-06-21,0,684,548,0,922,18,0,18,0,0,2356,157,56,0,5,0,37,19,0,274,92
2024-06-22,0,606,509,0,1108,18,0,0,0,0,2503,180,145,0,6,0,12,18,0,361,90
2024-06-23,0,623,445,0,1095,18,0,0,0,0,2458,177,141,0,8,0,56,13,0,395,92
2024-06-24,0,627,460,0,1141,0,0,0,0,0,2377,134,51,0,12,0,83,4,0,285,87
2024-06-25,0,575,517,0,1145,0,0,0,0,0,2385,176,58,0,26,0,21,10,0,292,53
2024-06-26,0,605,486,0,1108,0,0,0,0,0,2348,179,42,0,23,0,33,7,0,284,55
2024-06-27,0,636,515,0,1117,0,0,0,0,0,2538,182,64,0,32,0,27,9,0,314,92
2024-06-28,0,664,488,0,1091,8,0,0,0,0,2522,185,105,0,5,0,0,5,0,300,94
2024-06-29,0,670,499,0,1103,0,0,0,0,0,2546,179,141,0,8,0,1,6,0,335,93
2024-06-30,0,627,491,0,1053,0,0,0,0,0,2446,180,114,0,7,0,0,6,0,308,91
2024-07-01,84,545,480,0,1054,0,0,0,0,0,2437,180,148,0,5,0,4,6,0,343,94
2024-07-02,168,564,521,0,1070,0,0,0,0,0,2598,239,133,0,6,0,4,7,0,390,99
2024-07-03,177,562,526,0,1065,0,0,0,0,0,2607,270,88,0,5,0,5,10,0,379,98
2024-07-04,1,472,512,0,1036,0,0,0,0,0,2295,82,92,0,5,0,3,10,0,191,98
2024-07-05,0,458,507,0,1032,0,0,0,0,0,2271,79,61,0,6,0,3,8,0,158,98
2024-07-06,1,423,501,0,1061,0,0,0,0,0,2106,97,144,0,6,0,3,11,0,261,98
2024-07-07,1,448,526,0,1080,9,0,0,0,0,2185,95,150,0,6,0,3,7,0,261,96
2024-07-08,0,487,536,0,1077,0,0,0,0,0,2221,69,114,0,6,0,5,22,0,216,90
2024-07-09,134,529,542,0,1077,0,0,0,0,0,2404,201,181,0,5,0,5,15,0,408,59
2024-07-10,138,559,547,0,1076,0,0,0,0,0,2368,209,153,0,6,0,2,15,0,386,69
2024-07-11,37,465,546,0,1070,8,0,0,0,0,2210,121,105,0,7,0,6,20,0,259,88
2024-07-12,0,408,540,0,1066,0,0,0,0,0,2045,83,76,0,6,0,4,21,0,191,101
2024-07-13,0,456,563,0,1047,0,0,0,0,0,2096,77,203,0,6,0,33,15,0,335,100
2024-07-14,0,444,571,0,1041,0,0,0,0,0,2194,71,247,0,6,0,79,18,0,422,50
2024-07-15,127,536,534,0,1081,0,0,0,0,0,2460,200,235,0,7,0,88,30,0,560,63
2024-07-16,108,587,534,0,1081,0,0,0,0,0,2483,193,186,0,10,0,95,50,0,534,64
2024-07-17,0,560,546,0,1079,7,0,0,0,0,2356,93,215,0,10,0,74,20,0,412,65
2024-07-18,0,573,439,0,1081,0,0,0,0,0,2258,93,195,0,10,0,64,8,0,371,62
2024-07-19,0,549,550,0,1068,0,0,0,0,0,2330,83,184,0,10,0,52,12,0,342,97
2024-07-20,0,504,539,0,1086,0,0,0,0,0,2292,90,189,0,10,0,64,0,0,353,90
2024-07-21,0,507,558,0,1088,0,0,0,0,0,2316,95,214,0,10,0,2,8,0,330,92
2024-07-22,0,534,547,0,1082,0,0,0,0,0,2327,74,210,0,10,0,89,7,0,391,95
2024-07-23,24,432,552,0,1068,3,0,0,0,0,2193,95,211,0,6,0,38,6,0,356,61
2024-07-24,0,439,463,0,1061,1,0,0,0,0,2079,96,203,0,6,0,2,0,0,307,99
2024-07-25,78,447,456,0,1061,0,1,0,0,0,2164,150,233,0,6,0,2,9,0,400,94
2024-07-26,0,413,393,0,1088,0,0,0,0,0,2008,71,270,0,6,0,0,6,0,353,94
2024-07-27,0,430,368,0,1108,8,0,0,0,0,2028,61,285,0,6,0,21,0,0,373,94
2024-07-28,0,414,357,0,1098,1,0,0,0,0,1983,65,253,0,6,0,1,5,0,330,92
2024-07-29,0,434,368,0,1102,0,0,0,0,0,1967,60,262,0,6,0,16,5,0,350,89
2024-07-30,41,446,398,0,1122,0,0,0,0,0,2071,100,258,0,6,0,1,3,0,368,88
2024-07-31,37,479,359,0,1105,7,0,0,0,0,2048,115,229,0,6,16,21,3,0,390,90
2024-08-01,115,432,398,0,1124,0,0,0,0,0,2130,200,264,0,6,4,65,5,0,544,92
2024-08-02,0,428,404,0,1213,0,0,0,0,0,2106,95,284,0,6,4,6,3,0,399,94
2024-08-03,0,466,390,0,1236,0,0,0,0,0,2154,108,249,0,5,33,62,14,0,471,93
2024-08-04,0,425,415,0,1245,0,0,0,0,0,2146,109,277,0,5,7,64,6,0,468,93
2024-08-05,30,424,454,0,1177,0,0,0,0,0,2148,139,243,0,16,7,0,5,0,411,90
2024-08-06,0,432,540,0,1162,0,0,0,0,0,2196,83,260,0,25,40,55,6,0,469,62
2024-08-07,0,410,436,0,1170,0,0,0,0,0,2146,75,241,0,6,20,30,31,0,404,64
2024-08-08,43,439,448,0,1163,0,0,0,0,0,2222,136,250,0,6,16,10,3,0,420,94
2024-08-09,0,469,486,0,1118,0,0,0,0,0,2169,141,221,0,5,0,22,5,0,394,96
2024-08-10,0,424,435,0,1105,0,0,0,0,0,2060,151,243,0,5,0,34,5,0,438,92
2024-08-11,0,440,454,0,1086,0,0,0,0,0,2076,150,211,0,5,0,73,28,0,467,92
2024-08-12,33,494,519,0,1085,0,0,0,0,0,2227,174,154,0,9,0,19,0,0,356,91
2024-08-13,0,507,510,0,1105,0,0,0,0,0,2218,161,206,0,7,10,7,0,0,391,86
2024-08-14,0,520,501,0,1067,0,0,0,0,0,2195,158,162,0,7,0,2,0,0,329,94
2024-08-15,0,537,508,0,1054,0,0,0,0,0,2214,167,215,0,7,0,7,0,0,396,89
2024-08-16,0,456,482,0,1077,0,0,0,0,0,2113,142,175,0,7,0,18,5,0,347,93
2024-08-17,0,512,468,0,1121,0,0,0,0,0,2199,158,197,0,7,0,14,3,0,379,97
2024-08-18,0,513,439,0,1128,0,0,0,0,0,2245,159,222,0,7,0,25,4,0,417,92
2024-08-19,0,365,350,0,846,15,0,0,0,0,1691,150,139,0,7,0,20,3,0,319,77
2024-08-20,0,363,331,0,842,0,0,0,0,0,1651,136,155,0,6,0,13,6,0,316,81
2024-08-21,36,500,382,0,1172,6,0,0,0,0,2229,162,252,0,6,0,19,11,0,450,90
2024-08-22,0,451,323,0,849,0,0,0,0,0,1718,154,139,0,6,0,9,11,0,319,79
2024-08-23,0,505,378,0,1094,0,0,0,0,0,2111,98,203,0,6,0,30,16,0,353,93
2024-08-24,0,464,361,0,1102,0,0,0,0,0,2062,138,249,0,5,0,27,10,0,429,95
2024-08-25,0,348,331,0,772,0,0,0,0,0,1547,138,114,0,4,0,24,0,0,280,79
2024-08-26,0,377,371,0,771,0,0,0,0,0,1594,125,95,0,7,0,56,9,0,292,78
2024-08-27,0,373,508,0,1056,7,0,0,0,0,2016,114,167,0,6,0,40,18,0,345,79
2024-08-28,7,381,354,0,1003,0,0,0,0,0,1829,97,25,0,13,0,52,16,0,203,81
2024-08-29,0,297,270,0,660,0,0,0,0,0,1359,76,33,0,6,0,44,12,0,171,80
2024-08-30,0,439,405,0,581,0,0,0,0,0,1621,70,8,0,5,0,31,8,0,122,97
2024-08-31,0,495,428,0,542,0,0,0,0,0,1668,121,23,0,5,0,23,5,0,177,96
2024-09-01,0,407,371,0,475,0,0,0,0,0,1394,122,16,0,33,0,7,5,0,183,83
2024-09-02,0,449,399,0,541,0,0,0,0,0,1535,83,0,0,34,0,63,45,0,225,83
2024-09-03,0,393,330,0,490,0,0,0,0,0,1405,80,0,0,34,0,111,28,0,253,82
2024-09-04,0,631,481,0,605,0,0,0,0,0,1961,75,0,0,33,0,156,170,0,434,96
2024-09-05,0,479,384,0,495,0,0,0,0,0,1560,75,38,0,34,0,109,112,0,368,80
2024-09-06,0,514,420,0,622,0,0,0,0,0,1790,115,56,0,35,0,63,10,0,280,99
2024-09-07,0,490,386,0,571,0,0,0,0,0,1545,89,127,0,34,0,8,8,0,266,100
2024-09-08,0,430,355,0,488,0,0,0,0,0,1362,87,84,0,33,0,9,5,0,218,83
2024-09-09,0,357,343,0,451,0,0,0,0,0,1217,66,39,0,22,0,8,3,0,138,54
2024-09-10,0,652,442,0,640,0,0,0,0,0,1818,80,20,0,33,15,15,19,0,182,75
2024-09-11,0,552,422,0,657,0,0,0,0,0,1724,76,12,0,37,0,11,18,0,154,100
2024-09-12,0,428,431,0,467,0,0,0,0,0,1390,80,0,0,33,0,15,26,0,154,57
2024-09-13,0,604,399,0,654,0,0,0,0,0,1774,83,4,0,35,0,16,35,0,173,102
2024-09-14,0,593,290,0,530,0,0,0,0,0,1632,71,37,0,36,0,15,30,0,189,87
2024-09-15,0,526,5,0,11,0,0,0,0,0,16,68,17,0,36,0,0,1,0,1,101
2024-09-16,0,259,227,0,196,0,0,0,0,0,740,59,1,0,13,5,6,13,0,97,21
2024-09-18,0,585,341,0,557,0,0,0,0,0,6,161,3,0,36,0,0,1,0,1,83
2024-09-19,0,620,364,0,553,0,0,0,0,0,1683,161,1,0,34,0,16,23,0,235,86
2024-09-20,0,551,454,0,610,0,0,0,0,0,1763,167,55,0,37,0,21,21,0,301,98
2024-09-21,0,438,424,0,636,0,0,0,0,0,1647,163,83,0,35,0,24,14,0,319,97
2024-09-22,0,498,460,0,603,0,0,0,0,0,1787,166,97,0,34,0,11,9,0,317,0
2024-09-23,0,505,465,0,630,0,0,0,0,0,1826,153,124,0,35,0,13,40,0,365,97
2024-09-24,0,514,371,0,854,0,0,0,0,0,1961,115,93,0,36,93,13,46,0,396,102
2024-09-25,19,501,347,0,862,0,0,0,0,0,1934,116,82,0,36,62,14,48,0,358,96
2024-09-26,0,519,347,0,942,0,0,0,0,0,2010,61,161,0,32,27,13,20,0,318,79
2024-09-27,0,571,435,0,814,26,0,0,0,0,2049,81,141,0,36,11,17,22,0,308,85
2024-09-28,0,572,383,0,999,1,0,0,0,0,1970,67,87,0,36,2,19,30,0,241,96
2024-09-29,0,510,354,0,1137,0,0,0,0,0,2004,63,104,0,36,0,12,31,0,246,93
2024-09-30,0,608,463,0,1051,0,0,0,0,0,2124,61,69,0,35,5,16,26,0,212,96
2024-10-01,0,551,367,0,1016,0,0,0,0,0,1935,38,141,0,23,0,19,1,0,222,94
2024-10-02,0,581,480,0,1001,0,0,0,0,0,2072,116,10,0,23,0,24,0,0,173,98
2024-10-03,0,560,407,0,1127,0,0,0,0,0,2272,64,69,0,45,0,30,13,0,221,99
2024-10-04,0,587,333,0,1109,0,0,7,0,0,2203,72,73,0,46,0,27,0,0,218,100
2024-10-05,0,569,341,0,1133,0,0,20,0,0,2212,42,110,0,25,0,28,0,0,205,99
2024-10-06,0,582,326,0,1153,0,0,11,0,0,2252,35,148,0,25,0,20,0,0,228,100
2024-10-07,0,569,365,0,1162,0,0,0,0,0,2234,52,127,0,25,0,21,18,0,243,96
2024-10-08,0,536,364,0,1160,0,0,0,0,0,2295,90,94,0,24,0,21,18,0,247,86
2024-10-09,0,664,364,0,1191,0,0,0,0,0,2531,143,186,0,46,0,20,0,0,395,96
2024-10-10,0,607,336,0,1162,0,0,0,0,0,2415,123,53,0,46,0,28,5,0,255,100
2024-10-11,0,600,341,0,1182,0,0,0,0,0,2351,59,78,0,45,0,18,0,0,200,97
2024-10-12,0,576,303,0,1155,0,56,41,0,0,2396,50,107,0,23,0,15,0,0,195,95
2024-10-13,0,575,265,0,1128,0,54,46,0,0,2281,50,56,0,23,0,13,0,0,142,89
2024-10-14,0,606,377,0,1193,55,25,17,0,0,2487,31,90,0,46,0,18,0,0,185,81
2024-10-15,0,642,380,0,1196,28,0,19,0,0,2477,54,117,0,47,0,17,0,0,235,92
2024-10-16,0,580,401,0,1188,0,0,6,0,0,2379,76,24,0,23,0,28,9,0,160,90
2024-10-17,0,572,404,0,1172,0,0,0,0,0,2369,136,48,0,23,0,18,15,0,240,73
2024-10-18,0,616,341,0,1112,0,0,1,0,0,2251,87,79,0,23,0,20,0,0,209,87
2024-10-19,0,517,336,0,1120,48,0,44,0,0,2235,104,67,0,23,0,25,0,0,219,97
2024-10-20,0,543,385,0,1114,40,0,45,0,0,2296,110,70,0,23,0,23,0,0,226,92
2024-10-21,0,529,410,0,1134,55,5,0,0,0,2303,99,64,0,23,0,19,8,0,213,90
2024-10-22,0,549,369,0,1112,30,5,9,0,0,2242,108,86,0,45,0,15,0,0,254,93
2024-10-23,0,612,384,0,1147,7,2,8,0,0,2317,41,73,0,16,0,24,0,0,154,95
2024-10-24,0,607,394,0,1141,18,0,13,0,0,2329,20,88,0,17,0,29,0,0,153,93
2024-10-25,0,610,366,0,1123,3,0,7,0,0,2270,6,136,0,46,0,26,1,0,215,94
2024-10-26,0,520,371,0,1150,0,0,42,0,0,2251,6,106,0,25,0,22,0,0,159,97
2024-10-27,0,408,318,0,797,0,0,30,0,0,1683,10,83,0,15,0,16,0,0,124,50
2024-10-28,0,517,414,0,1150,0,0,14,0,0,2260,11,49,0,31,0,22,0,0,113,91
2024-10-29,0,568,371,0,1240,0,0,0,0,0,2376,6,40,0,42,0,20,12,0,120,78
2024-10-30,0,641,397,0,1227,0,0,0,0,0,2464,30,138,0,25,0,29,0,0,222,77
2024-10-31,0,517,338,0,1003,0,0,0,0,0,2007,22,124,0,31,0,22,0,0,199,79
2024-11-01,0,745,387,0,1284,0,0,73,0,0,2655,32,269,0,21,0,26,0,0,348,93
2024-11-02,0,677,337,0,1234,0,0,108,0,0,2566,8,111,0,20,0,22,0,0,161,92
2024-11-03,0,532,267,0,913,7,0,77,0,0,1974,8,44,0,12,0,16,0,0,80,51
2024-11-04,0,725,312,0,1253,0,0,104,0,0,2636,4,0,0,24,0,30,0,0,58,74
2024-11-05,0,706,306,0,1269,8,0,102,0,0,2673,6,23,0,28,0,30,0,0,87,73
2024-11-06,0,706,297,0,1336,9,0,50,0,0,2615,5,60,0,28,0,29,0,0,122,70
2024-11-07,0,731,304,0,1265,10,0,31,0,0,2572,5,55,0,25,0,30,0,0,115,73
2024-11-08,0,729,283,0,1291,11,0,105,0,0,2623,5,13,0,47,0,28,0,0,93,88
2024-11-09,0,712,284,0,1303,0,3,109,0,0,2550,5,36,0,25,0,20,0,0,86,89
2024-11-10,0,740,288,0,1310,0,0,106,0,0,2588,5,19,0,25,0,35,0,0,84,93
2024-11-11,0,712,391,0,1339,0,0,23,0,0,2652,5,3,0,47,0,26,0,0,81,94
2024-11-12,0,734,311,0,1246,48,0,0,0,0,2515,9,27,0,25,0,30,0,0,91,100
2024-11-13,0,511,293,0,903,22,0,0,0,0,1826,13,8,0,17,0,19,12,0,69,53
2024-11-14,0,521,311,0,912,44,0,0,0,0,1872,5,0,0,17,0,20,16,0,58,54
2024-11-15,0,759,294,0,1389,0,0,0,0,0,2556,3,0,0,25,0,28,8,0,64,101
2024-11-16,0,864,329,0,1328,0,0,11,0,0,2642,4,24,0,25,0,32,1,0,86,94
2024-11-17,0,813,362,0,1318,0,0,0,0,0,2634,5,0,0,25,0,31,0,0,61,78
2024-11-18,0,864,321,0,1268,0,1,0,0,0,2610,5,23,0,47,0,51,16,0,142,81
2024-11-19,0,881,357,0,1222,0,0,25,0,0,2583,6,66,0,24,0,35,0,0,131,84
2024-11-20,0,842,394,0,1335,6,0,8,0,0,2692,5,184,0,24,0,35,0,0,248,52
2024-11-21,0,793,338,0,1312,10,0,0,0,0,2563,5,40,0,25,0,37,19,0,126,81
2024-11-22,0,820,361,0,1146,0,0,0,0,0,2438,5,5,0,25,0,38,22,0,95,99
2024-11-23,0,809,426,0,1198,0,0,0,0,0,2545,5,27,0,25,0,32,8,0,97,98
2024-11-24,0,763,380,0,1284,0,0,0,0,0,2521,5,78,0,25,0,31,30,0,169,82
2024-11-25,0,750,418,0,1233,0,0,0,0,0,2512,9,24,0,47,0,32,32,0,144,86
2024-11-26,0,777,402,0,1330,0,0,0,0,0,2598,5,101,0,24,0,32,26,0,188,86
2024-11-27,0,825,386,0,1298,6,2,0,0,0,2623,18,65,0,25,0,32,33,0,173,84
2024-11-28,0,609,354,0,903,0,3,0,0,0,1953,5,7,0,17,0,27,11,0,67,56
2024-11-29,0,837,349,0,1296,0,0,0,0,0,2663,5,24,0,25,0,37,4,0,95,104
2024-11-30,0,836,370,0,1313,0,9,0,0,0,2655,4,13,0,25,0,36,0,0,78,97
2024-12-01,0,594,295,0,951,0,3,0,0,0,1987,10,16,0,17,0,19,0,0,62,55
2024-12-02,0,812,312,0,1328,0,0,0,0,0,2704,5,42,0,25,0,38,0,0,110,81
2024-12-03,0,750,256,0,1202,9,0,0,0,0,2517,5,19,0,25,0,38,53,0,140,81
2024-12-04,0,744,269,0,1251,11,0,0,0,0,2560,10,8,0,24,0,39,68,0,149,82
2024-12-05,0,744,337,0,1280,12,0,0,0,0,2648,5,0,0,24,0,42,71,0,142,84
2024-12-06,0,812,255,0,1275,11,0,0,0,0,2627,5,16,0,24,0,38,61,0,144,102
2024-12-07,0,735,312,0,1330,9,0,0,0,0,2684,14,39,0,24,0,50,43,0,170,101
2024-12-08,0,542,277,0,944,6,0,0,0,0,2004,6,35,0,16,0,32,52,0,141,55
2024-12-09,0,809,315,0,1339,0,0,0,0,0,2747,5,35,0,25,0,138,103,0,306,101
2024-12-10,0,832,272,0,1136,0,0,0,0,0,2532,5,0,0,47,0,231,190,0,473,101
2024-12-11,0,734,297,0,1244,0,0,0,0,0,2562,6,0,0,46,0,162,93,0,307,82
2024-12-12,0,774,274,0,1285,0,0,0,0,0,2638,5,0,0,47,0,188,141,0,381,85
2024-12-13,0,834,264,0,1239,0,0,0,0,0,2612,5,25,0,47,0,144,78,0,299,103
2024-12-14,0,811,352,0,1314,0,0,0,0,0,2609,11,39,0,25,0,40,9,0,124,105
2024-12-15,0,762,347,0,1317,8,0,0,0,0,2549,25,108,0,26,0,27,11,0,197,85
2024-12-16,0,640,300,0,1241,8,0,0,0,0,2271,3,1,0,47,0,38,55,0,144,82
2024-12-17,0,711,273,0,1326,0,0,0,0,0,2436,6,0,0,47,0,39,68,0,160,83
2024-12-18,0,666,291,0,1255,0,0,0,0,0,2377,5,20,0,46,0,37,73,0,181,85
2024-12-19,0,660,283,0,1288,0,0,0,0,0,2397,5,32,0,44,0,37,60,0,178,85
2024-12-20,0,701,359,0,1309,0,0,0,0,0,2538,5,0,0,47,0,32,35,0,119,101
2024-12-21,0,673,303,0,1337,0,0,0,0,0,2477,5,0,0,25,0,30,7,0,67,85
2024-12-22,0,853,289,0,1326,0,0,0,0,0,2690,4,138,0,24,0,33,11,0,210,0
2024-12-23,0,863,377,0,1317,0,0,0,0,0,2786,4,122,0,24,0,34,28,0,212,0
2024-12-24,0,825,330,0,1300,0,0,0,0,0,2683,7,82,0,26,0,34,3,0,152,103
2024-12-25,0,563,278,0,939,0,0,0,0,0,1936,5,24,0,17,0,27,13,0,86,57
2024-12-26,0,823,281,0,1277,0,0,0,0,0,2606,7,12,0,25,0,39,16,0,99,87
2024-12-27,0,808,266,0,1272,9,0,0,0,0,2580,7,55,0,25,0,41,9,0,137,101
2024-12-28,0,851,314,0,1256,0,0,0,0,0,2609,4,54,0,25,0,34,8,0,125,101
2024-12-29,0,643,265,0,901,0,0,0,0,0,1915,4,17,0,17,0,24,1,0,63,83
2024-12-30,0,853,333,0,1293,16,0,0,0,0,2640,5,33,0,48,0,44,24,0,154,87
2024-12-31,0,881,289,0,1330,0,0,0,0,0,2675,4,78,0,25,0,38,20,0,165,102
2025-01-01,0,603,229,0,975,1,0,0,0,0,1937,148,64,0,17,0,103,26,0,358,53
2025-01-02,0,768,242,0,1307,0,0,0,0,0,2525,165,58,0,27,0,143,29,0,422,85
2025-01-03,0,665,51,0,1259,0,0,0,0,0,2176,41,96,0,27,0,151,51,0,366,101
2025-01-07,0,767,248,0,1225,5,0,0,0,0,2333,177,25,0,29,0,157,29,0,417,85
2025-01-08,0,828,233,0,1192,0,0,0,0,0,2329,181,34,0,26,0,144,23,0,408,86
2025-01-09,0,746,238,0,1061,0,0,0,0,0,2162,173,27,0,26,0,138,21,0,385,85
2025-01-10,0,753,238,0,1084,0,0,0,0,0,2188,154,17,0,26,0,136,35,0,368,102
2025-01-11,0,780,235,0,1248,0,0,0,0,0,2375,154,68,0,26,0,149,40,0,437,100
2025-01-12,0,566,221,0,887,0,0,0,0,0,1753,143,35,0,18,0,105,35,0,336,52
2025-01-13,0,763,197,0,1323,0,0,0,0,0,2399,155,99,0,26,0,163,114,0,557,81
2025-01-14,0,650,215,0,1291,3,0,0,0,0,2270,156,28,0,26,0,192,325,0,727,82
2025-01-15,0,609,195,0,1314,0,0,0,0,0,2229,156,37,0,26,0,301,361,0,881,83
2025-01-16,0,596,234,0,1308,1,0,0,0,0,2255,157,28,0,26,0,252,365,0,828,83
2025-01-17,0,553,190,0,1313,18,0,0,0,0,2185,157,52,0,26,0,161,296,0,692,101
2025-01-18,0,180,103,0,484,0,0,0,0,0,806,131,19,0,10,0,59,20,0,239,18
2025-01-19,0,521,114,0,1300,0,0,0,0,0,2029,159,51,0,26,0,143,41,0,420,102
2025-01-20,0,572,132,0,1304,5,0,0,0,0,2120,143,2,0,26,0,162,190,0,523,84
2025-01-21,0,658,85,0,1206,3,2,0,0,0,2064,154,28,0,26,0,166,235,0,609,83
2025-01-22,0,687,120,0,1071,0,0,0,0,0,1987,154,27,0,26,0,173,116,0,496,81
2025-01-23,0,674,243,0,1206,0,0,0,0,0,2216,154,7,0,25,0,159,49,0,394,69
2025-01-24,0,752,249,0,1323,0,0,0,0,0,2433,180,3,0,26,0,159,31,0,399,103
2025-01-25,0,668,246,0,1313,0,0,0,0,0,2366,181,5,0,26,0,153,11,0,376,104
2025-01-26,0,731,247,0,1311,0,0,0,0,0,2428,178,101,0,26,0,152,0,0,457,85
2025-01-27,0,671,319,0,1294,7,0,0,0,0,2429,53,42,0,26,0,148,10,0,279,0
2025-01-28,0,612,298,0,1348,0,0,0,0,0,2400,44,25,0,26,0,154,3,0,252,71
2025-01-29,0,688,244,0,1308,4,0,0,0,0,2381,55,23,0,25,0,152,13,0,268,86
2025-01-30,0,666,248,0,1279,4,0,0,0,0,2271,39,1,0,26,0,156,0,0,222,0
2025-01-31,0,691,240,0,1299,0,0,0,0,0,2304,41,0,0,26,0,149,13,0,229,0
2025-02-01,0,358,245,0,1275,1,0,68,0,0,2011,41,0,0,26,0,60,0,0,127,100
2025-02-02,0,252,222,0,898,1,0,65,0,0,1482,42,0,0,26,0,54,0,0,122,82
2025-02-03,0,367,250,0,1304,5,0,0,0,0,1989,40,0,0,26,0,36,28,0,130,0
2025-02-04,0,411,256,0,1237,0,0,0,0,0,1967,41,0,0,26,0,34,26,0,127,0
2025-02-05,0,405,245,0,1175,0,0,13,0,0,1901,40,0,0,26,0,35,1,0,102,0
2025-02-06,0,272,227,0,897,0,0,0,0,0,1462,27,0,0,18,0,23,32,0,100,0
2025-02-07,0,668,253,0,1282,15,0,0,0,0,2311,41,9,0,26,0,150,44,0,270,98
2025-02-08,0,679,250,0,1335,0,0,81,0,0,2440,41,17,0,26,0,119,0,0,203,99
2025-02-09,0,680,252,0,1336,0,0,101,0,0,2462,41,21,0,26,0,138,0,0,226,81
2025-02-10,0,691,254,0,1245,0,0,0,0,0,2283,0,0,0,30,0,138,16,0,184,0
2025-02-11,0,669,253,0,1339,20,0,0,0,0,2374,26,3,0,25,0,156,31,0,241,0
2025-02-12,0,680,260,0,1249,8,0,0,0,0,2296,25,8,0,28,0,217,103,0,381,0
2025-02-13,0,669,349,0,1171,0,0,0,0,0,2296,0,5,0,1,13,218,53,0,289,0
2025-02-14,0,675,244,0,1178,6,0,0,0,0,2211,41,0,0,46,0,180,85,0,352,0
2025-02-15,0,665,253,0,1267,0,0,0,0,0,2293,40,0,0,103,0,157,37,0,337,106
2025-02-16,0,675,247,0,1272,0,0,0,0,0,2302,41,9,0,103,8,172,36,0,369,85
2025-02-17,0,673,276,0,1292,0,0,0,0,0,2357,40,35,0,102,13,301,290,0,781,0
2025-02-18,0,802,323,0,1321,0,0,0,0,0,2557,40,92,0,49,11,311,379,0,882,0
2025-02-19,0,791,441,0,1301,0,0,0,0,0,2642,40,109,0,47,0,294,365,0,855,0
2025-02-20,0,825,487,0,1308,0,0,0,0,0,2750,41,4,0,49,0,336,369,0,799,0
2025-02-21,0,765,370,0,1323,0,0,0,0,0,2609,42,0,0,49,13,213,221,0,538,0
2025-02-22,0,718,311,0,1277,0,0,0,0,0,2448,41,7,0,45,1,146,0,0,240,99
2025-02-23,0,706,266,0,1333,0,0,0,0,0,2435,41,0,0,45,0,170,0,0,256,82
2025-02-24,1,726,298,0,1320,0,0,0,0,0,2468,42,0,0,45,0,219,27,0,333,0
2025-02-25,0,710,338,0,1306,0,0,0,0,0,2475,41,27,0,26,0,206,64,0,364,79
2025-02-26,0,702,459,0,1322,0,0,0,0,0,2607,41,41,0,45,0,279,43,0,449,0
2025-02-27,0,755,455,0,1343,0,0,0,0,0,2677,41,7,0,45,0,179,20,0,292,0
2025-02-28,0,720,298,0,1368,0,0,0,0,0,2550,41,0,0,45,0,150,19,0,255,0
2025-03-01,0,750,382,0,1367,0,0,0,0,0,2626,41,8,0,26,0,171,9,0,255,100
2025-03-02,0,506,323,0,994,0,0,0,0,0,1923,27,35,0,18,0,117,0,0,197,54
2025-03-03,0,763,363,0,1352,0,0,0,0,0,2645,97,73,0,26,0,209,21,0,426,82
2025-03-04,0,740,358,0,1402,0,0,0,0,0,2668,0,12,0,45,7,169,33,0,266,0
2025-03-05,0,729,456,0,1316,0,0,0,0,0,2669,41,0,0,45,0,143,13,0,242,0
2025-03-06,0,724,310,0,1333,0,0,0,0,0,2536,41,6,0,45,0,148,0,0,240,100
2025-03-07,0,704,418,0,1362,0,0,27,0,0,2680,40,17,0,45,0,148,0,0,250,0
2025-03-08,0,598,319,0,1365,0,0,113,0,0,2545,41,10,0,26,0,183,0,0,260,96
2025-03-09,0,444,274,0,952,0,0,76,0,0,1862,28,0,0,17,0,129,0,0,174,52
2025-03-10,0,660,311,0,1331,0,0,25,0,0,2478,14,0,0,26,0,150,0,0,190,0
2025-03-11,0,719,370,0,1279,0,0,0,0,0,2536,0,0,0,25,0,135,0,0,160,78
2025-03-12,0,662,362,0,1241,0,0,33,0,0,2436,29,0,0,24,0,141,0,0,194,0
2025-03-13,0,696,345,0,1319,0,0,39,0,0,2559,43,0,0,26,0,122,0,0,191,81
2025-03-14,0,664,323,0,1382,0,0,47,0,0,2539,41,0,0,26,0,109,0,0,176,100
2025-03-15,0,692,359,0,1369,0,0,54,0,0,2619,40,0,0,26,0,140,0,0,206,97
2025-03-17,0,740,481,0,1369,0,0,7,0,0,2737,41,5,0,26,0,159,0,0,231,74
2025-03-19,0,767,545,0,1298,3,0,0,0,0,2759,40,0,0,26,0,163,10,0,239,76
2025-03-20,0,805,594,0,1295,0,0,0,0,0,2843,43,0,0,26,0,158,0,0,227,78
2025-03-21,0,706,590,0,1176,0,0,0,0,0,2623,39,18,0,26,0,200,27,0,310,96
2025-03-22,0,628,588,0,1273,0,0,0,0,0,2638,41,0,0,23,0,181,23,0,268,96
2025-03-24,0,577,527,0,1214,12,0,0,0,0,2472,77,1,0,26,0,148,10,0,262,95
2025-03-25,0,567,643,0,1231,10,0,0,0,0,2631,77,0,0,45,0,136,8,0,266,76
2025-03-26,0,580,543,0,1295,3,0,0,0,0,2658,77,0,0,26,0,146,7,0,256,0
2025-03-27,0,560,657,0,1242,0,0,29,0,0,2696,114,0,0,45,0,148,0,0,307,0
2025-03-28,0,527,529,0,1218,0,0,51,0,0,2533,113,1,0,26,0,148,0,0,288,0
2025-03-29,0,569,388,0,1158,0,0,36,0,0,2386,108,18,0,26,0,154,0,0,306,89
2025-03-31,0,682,559,0,1287,0,0,37,0,0,2807,113,0,0,26,0,164,0,0,303,77
2025-04-01,0,735,713,0,1341,0,0,0,0,0,2998,113,24,0,44,3,175,41,0,400,77
2025-04-02,0,686,713,0,1346,0,0,0,0,0,2949,112,0,0,44,1,219,50,0,426,0
2025-04-03,0,717,709,0,1165,0,0,0,0,0,2851,120,18,0,64,0,244,35,0,481,81
2025-04-04,0,599,693,0,1221,0,0,0,0,0,2776,161,39,0,45,0,244,23,0,512,99
2025-04-05,0,606,670,0,1238,0,0,34,0,0,2793,161,23,0,25,0,180,0,0,389,95
2025-04-06,0,606,678,0,1318,0,0,73,0,0,2908,161,18,0,25,0,190,0,0,394,78
2025-04-07,0,749,771,0,1092,0,0,1,0,0,2840,165,15,0,25,0,298,53,0,556,69
2025-04-08,0,785,773,0,1046,0,0,0,0,0,2845,170,9,0,25,0,307,180,0,691,81
2025-04-09,0,806,821,0,1114,0,0,0,0,0,2971,142,107,0,27,0,256,202,0,734,84
2025-04-10,0,908,736,0,1115,0,0,0,0,0,2989,140,61,0,28,0,283,289,0,801,87
2025-04-11,0,751,743,0,1206,31,0,0,0,0,3003,148,0,0,28,0,337,186,0,699,99
2025-04-12,0,735,737,0,1249,0,0,0,0,0,2956,241,37,0,26,0,330,71,0,705,100
2025-04-13,0,499,561,0,811,0,0,0,0,0,2055,149,7,0,16,0,206,43,0,421,61
2025-04-14,0,800,797,0,1248,10,0,0,0,0,3117,93,90,0,16,0,327,291,0,817,88
2025-04-15,0,746,774,0,1257,0,0,0,0,0,3094,93,12,0,16,0,317,289,0,727,88
2025-04-16,0,775,794,0,1263,3,0,0,0,0,3104,115,33,0,24,0,294,296,0,762,88
2025-04-17,0,780,770,0,1260,0,0,0,0,0,3031,117,61,0,25,0,314,147,0,664,86
2025-04-18,0,710,773,0,1398,0,0,0,0,0,3078,115,128,0,22,0,263,28,0,556,101
2025-04-19,0,670,745,0,1358,0,0,0,0,0,2982,125,81,0,20,0,248,25,0,499,89
2025-04-20,0,672,745,0,1358,0,0,0,0,0,2984,125,81,0,20,0,248,25,0,499,101
2025-04-21,0,696,758,0,1364,0,0,0,0,0,3031,116,138,0,20,0,241,24,0,539,87
2025-04-22,0,663,652,0,1344,0,0,0,0,0,2857,127,56,0,3,0,275,26,0,487,72
2025-04-23,0,657,644,0,1343,0,0,0,0,0,2815,131,90,0,4,0,286,29,0,540,83
2025-04-24,0,600,663,0,1391,0,0,0,0,0,2814,131,23,0,6,0,276,24,0,460,88
2025-04-25,0,661,738,0,1376,0,0,41,0,0,2942,131,82,0,7,0,238,0,0,458,104
2025-04-26,0,709,760,0,1387,0,0,0,0,0,2975,138,109,0,6,0,247,23,0,523,102
2025-04-27,0,739,753,0,1401,0,0,0,0,0,3055,148,112,0,6,0,279,20,0,565,91
2025-04-28,0,700,756,0,1429,0,0,0,0,0,3102,124,86,0,6,0,329,22,0,567,88
2025-04-29,0,651,741,0,1442,0,0,0,0,0,3009,151,51,0,6,0,307,19,0,534,85
2025-04-30,0,592,564,0,877,0,0,0,0,0,2235,184,62,0,6,0,226,15,0,493,83
2025-05-01,0,697,744,0,1432,16,0,0,0,0,3104,183,221,0,24,0,325,16,0,769,80
2025-05-02,0,644,738,0,1441,0,0,0,0,0,3039,137,148,0,24,0,299,8,0,616,102
2025-05-03,0,509,738,0,1359,0,0,0,0,0,2823,130,41,0,24,0,261,5,0,461,103
2025-05-04,0,259,446,0,607,0,0,0,0,0,1462,128,13,0,16,0,108,4,0,269,57
2025-05-05,0,540,593,0,697,85,0,0,0,0,2100,143,85,0,17,0,199,30,0,474,55
2025-05-06,0,739,794,0,1022,114,0,0,0,0,2871,158,99,0,46,0,275,109,0,687,94
2025-05-07,0,756,790,0,1095,105,0,0,0,0,2966,195,91,0,40,0,290,173,0,789,96
2025-05-08,0,786,793,0,1065,118,0,0,0,0,3003,170,81,0,46,0,326,160,0,783,96
2025-05-09,0,672,792,0,1089,86,0,0,0,0,2919,181,94,0,46,0,329,102,0,752,96
2025-05-10,0,684,793,0,1064,92,0,0,0,0,2933,204,121,0,29,0,310,39,0,703,95
2025-05-11,0,686,793,0,1063,87,0,0,0,0,2903,201,129,0,28,0,308,40,0,706,93
2025-05-12,0,685,793,0,1097,72,0,0,0,0,2937,184,80,0,28,0,317,69,0,678,91
2025-05-13,0,641,793,0,1058,91,0,0,0,0,2887,172,81,0,28,0,327,48,0,656,86
2025-05-14,0,622,793,0,1110,85,0,0,0,0,2867,176,85,0,17,0,306,55,0,639,92
2025-05-15,0,658,793,0,1073,83,0,0,0,0,2849,180,135,0,17,0,311,101,0,744,96
2025-05-16,0,782,792,0,1093,72,0,0,0,0,2980,169,101,0,41,0,280,28,0,619,99
2025-05-17,0,788,795,0,1125,34,0,0,0,0,2983,175,163,0,49,0,315,24,0,726,96
2025-05-18,0,774,792,0,1156,13,0,0,0,0,2984,169,205,0,49,0,327,25,0,775,79
2025-05-19,0,680,790,0,1133,14,0,0,0,0,2849,156,161,0,49,0,317,58,0,741,93
2025-05-20,1,435,506,0,586,11,0,0,0,0,1728,119,84,0,33,0,179,37,0,452,48
2025-05-21,0,520,625,0,454,29,0,0,0,0,1820,94,127,0,32,0,232,64,0,549,41
2025-05-22,0,654,626,0,838,47,0,0,0,0,2330,88,108,0,45,0,262,97,0,600,75
2025-05-23,0,819,792,0,1060,45,0,0,0,0,2889,115,198,0,46,0,330,104,0,793,91
2025-05-24,0,772,787,0,1051,70,0,0,0,0,2914,95,213,0,50,0,325,35,0,718,98
2025-05-25,0,575,633,0,793,29,0,0,0,0,2283,80,163,0,33,0,233,17,0,526,54
2025-05-26,0,719,786,0,1077,37,0,0,0,0,2931,122,143,0,50,0,328,93,0,736,80
2025-05-27,0,711,786,0,1068,34,0,0,0,0,2915,135,171,0,47,0,326,98,0,777,78
2025-05-28,0,704,809,0,1073,57,0,0,0,0,2970,149,260,0,38,0,335,95,0,877,84
2025-05-29,0,694,810,0,1079,67,0,0,0,0,2975,184,178,0,42,0,338,73,0,815,83
2025-05-30,0,692,810,0,1062,84,0,0,0,0,2986,200,191,0,42,0,330,85,0,848,99
2025-05-31,0,668,815,0,1118,94,0,0,0,0,3020,181,203,0,27,0,326,15,0,752,95
2025-06-01,0,524,609,0,722,68,0,0,0,0,2082,169,97,0,19,0,201,0,0,486,53
2025-06-02,0,726,809,0,1058,96,0,0,0,0,2877,153,149,0,28,0,328,15,0,673,81
2025-06-03,0,703,735,0,1050,77,0,0,0,0,2752,169,113,0,40,0,242,46,0,610,81
2025-06-04,0,647,668,0,1176,61,0,0,0,0,2736,160,103,0,45,0,264,84,0,658,83
2025-06-05,0,622,666,0,1003,49,0,0,0,0,2611,152,80,0,47,0,233,88,0,600,85
2025-06-06,0,438,439,0,524,62,0,0,0,0,1758,187,14,0,47,0,176,23,0,447,103
2025-06-07,0,291,258,0,324,0,0,0,0,0,1092,189,0,0,49,0,105,0,0,343,103
2025-06-08,0,309,258,0,318,0,0,0,0,0,1155,207,0,0,49,0,108,0,0,364,87
2025-06-09,0,364,257,0,305,0,0,0,0,0,1160,203,0,0,47,0,111,0,0,361,86
2025-06-10,0,609,797,0,1222,0,0,0,0,0,2940,219,9,0,49,0,321,90,0,688,84
2025-06-11,0,696,815,0,1159,0,0,0,0,0,3086,212,53,0,49,0,316,118,0,748,83
2025-06-12,0,652,815,0,1256,0,0,0,0,0,3121,228,65,0,49,0,320,112,0,774,83
2025-06-13,0,644,799,0,1059,0,0,0,0,0,2913,232,61,0,49,0,315,116,0,773,88
2025-06-14,0,514,593,0,865,0,0,0,0,0,2296,214,14,0,47,0,232,37,0,544,82
2025-06-15,0,338,259,0,324,0,0,0,0,0,1090,218,0,0,45,0,97,0,0,360,68
2025-06-16,0,329,259,0,311,0,0,0,0,0,1048,136,0,0,6,0,104,0,0,246,80
2025-06-17,0,672,808,0,1007,0,0,0,0,0,2801,182,52,0,7,0,156,222,0,619,81
2025-06-18,0,578,808,0,1239,0,0,0,0,0,3052,218,79,0,7,0,307,118,0,729,82
2025-06-19,0,640,807,0,1211,0,0,0,0,0,3104,238,90,0,7,0,308,134,0,777,82
2025-06-20,0,640,808,0,1253,0,0,0,0,0,3156,234,107,0,7,0,309,132,0,789,99
2025-06-21,0,678,808,0,1226,0,0,0,0,0,3151,242,52,0,7,0,308,31,0,640,94
2025-06-22,0,668,806,0,1259,0,0,0,0,0,3168,241,46,0,7,0,307,28,0,629,78
2025-06-23,0,507,642,0,1295,0,0,0,0,0,2906,212,3,0,7,0,312,113,0,647,67
2025-06-24,0,559,648,0,1302,0,0,0,0,0,2896,217,8,0,7,0,313,162,0,707,62
2025-06-25,0,541,667,0,1292,0,0,0,0,0,2888,220,38,0,7,0,313,191,0,769,82
2025-06-26,0,611,666,0,1284,0,0,0,0,0,2952,289,73,0,2,0,309,159,0,832,83
2025-06-27,0,630,591,0,1288,0,0,0,0,0,2900,264,49,0,1,0,312,163,0,789,96
2025-06-28,0,675,591,0,1292,0,0,0,0,0,2993,242,50,0,45,0,309,41,0,687,97
2025-06-29,0,671,591,0,1303,0,0,0,0,0,2985,228,13,0,45,0,308,36,0,630,83
2025-06-30,1,462,381,0,605,0,0,0,0,0,1663,217,3,0,45,0,162,67,0,494,79
2025-07-01,0,736,710,0,1333,0,0,0,0,0,3196,310,11,0,45,0,306,258,0,930,74
2025-07-02,0,803,594,0,1326,0,0,0,0,0,3146,306,0,0,45,0,292,221,0,864,43
2025-07-03,0,806,576,0,1346,4,0,0,0,0,3151,336,50,0,32,0,296,225,0,939,53
2025-07-04,0,749,575,0,1358,0,0,0,0,0,3103,410,33,0,48,0,304,255,0,1050,56
2025-07-05,0,767,575,0,1402,0,0,0,0,0,3163,434,33,0,30,0,300,179,0,976,57
2025-07-06,0,492,381,0,627,0,0,0,0,0,1720,419,35,0,22,0,137,14,0,627,27
2025-07-07,0,716,684,0,1345,44,0,0,0,0,3232,396,1,0,33,0,315,178,0,923,51
2025-07-08,0,719,681,0,1404,39,0,0,0,0,3289,363,95,0,33,0,314,229,0,1034,70
2025-07-09,0,695,693,0,1379,43,0,0,0,0,3256,341,96,0,32,0,314,67,0,850,90
2025-07-10,0,653,696,0,1429,16,0,0,0,0,3191,321,83,0,38,0,316,56,0,814,78
2025-07-11,0,667,703,0,1399,0,0,0,0,0,3162,367,72,0,32,0,316,48,0,835,94
2025-07-12,0,628,729,0,1445,0,0,0,0,0,3186,398,26,0,45,0,310,8,0,787,93
2025-07-13,0,618,728,0,1421,0,0,0,0,0,3166,402,65,0,44,0,307,77,0,895,75
2025-07-14,0,769,666,0,1041,25,0,0,0,0,2891,351,0,0,45,0,311,225,0,932,74
2025-07-15,0,944,595,0,1004,55,0,0,0,0,2991,321,0,0,43,0,314,236,0,914,75
2025-07-16,4,823,588,0,1043,0,0,0,0,0,2846,306,0,0,50,0,313,237,0,906,77
2025-07-17,0,814,625,0,843,29,0,0,0,0,2503,317,0,0,41,0,317,232,0,907,80
2025-07-18,0,794,634,0,1064,2,0,0,0,0,2886,311,0,0,34,0,308,232,0,885,99
2025-07-19,0,845,637,0,1074,9,0,1,0,0,2959,340,0,0,31,0,312,97,0,780,95
2025-07-20,0,622,537,0,744,6,0,0,0,0,2186,315,0,0,21,0,218,24,0,578,51
2025-07-21,0,805,674,0,1028,24,0,0,0,0,2925,299,0,0,31,0,322,228,0,880,96
2025-07-22,0,788,614,0,1076,0,1,0,0,0,2870,330,0,0,31,0,322,274,0,957,99
2025-07-23,0,615,510,0,757,5,0,0,0,0,2143,278,0,0,21,0,222,218,0,739,52
2025-07-24,0,799,609,0,1041,40,0,0,0,0,2850,282,0,0,28,0,322,264,0,896,82
2025-07-25,0,791,599,0,1007,73,0,0,0,0,2834,292,0,0,26,0,320,228,0,866,97
2025-07-26,0,796,614,0,998,72,0,0,0,0,2838,306,0,0,25,0,313,7,0,651,95
2025-07-27,0,787,609,0,1005,72,0,0,0,0,2831,301,0,0,24,0,310,4,0,639,82
2025-07-28,0,849,606,0,978,72,0,0,0,0,2866,285,0,0,27,0,318,88,0,718,83
2025-07-29,0,864,603,0,966,49,0,0,0,0,2842,290,0,0,32,0,316,39,0,677,77
2025-07-30,0,740,510,0,823,72,0,0,0,0,2449,269,0,0,48,0,257,98,0,672,80
2025-07-31,0,656,504,0,759,72,0,0,0,0,2283,264,0,0,48,0,243,148,0,703,82
2025-08-01,0,860,604,0,985,0,0,0,0,0,2839,186,0,0,42,0,316,34,0,578,99
2025-08-02,0,718,578,0,1302,0,0,0,0,0,2987,195,0,0,37,0,315,13,0,560,102
2025-08-03,0,537,483,0,926,0,0,0,0,0,2219,194,5,0,25,0,220,0,0,444,56
2025-08-04,0,636,494,0,1368,0,0,0,0,0,2886,190,0,0,42,0,321,110,0,663,83
2025-08-05,0,731,488,0,1408,0,0,0,0,0,3016,210,0,0,42,0,322,32,0,606,78
2025-08-06,0,640,531,0,1376,0,0,0,0,0,2935,199,7,0,43,0,331,39,0,619,83
2025-08-07,0,566,543,0,1351,0,0,0,0,0,2809,209,0,0,41,0,320,58,0,628,83
2025-08-08,0,593,542,0,1297,0,0,0,0,0,2802,189,15,0,44,0,320,56,0,624,100
2025-08-09,0,678,540,0,1358,0,0,0,0,0,2942,196,0,0,44,0,315,24,0,579,98
2025-08-10,0,479,405,0,933,0,0,0,0,0,2074,196,0,0,29,0,213,10,0,448,54
2025-08-11,0,644,543,0,1329,0,0,0,0,0,2883,188,21,0,43,0,312,36,0,600,72
2025-08-12,0,673,531,0,1277,0,0,0,0,0,2855,200,18,0,49,0,309,77,0,653,79
2025-08-13,0,668,509,0,1276,0,0,0,0,0,2838,194,29,0,45,0,309,153,0,730,77
2025-08-14,0,721,437,0,1321,0,0,0,0,0,2866,195,1,0,47,19,314,144,0,720,78
2025-08-15,0,623,468,0,1277,0,0,0,0,0,2737,206,18,0,46,0,313,42,0,625,92
2025-08-16,0,677,485,0,1248,0,0,0,0,0,2695,194,16,0,46,0,311,118,0,685,93
2025-08-17,0,529,377,0,905,0,0,0,0,0,2015,178,10,0,31,0,217,46,0,482,55
2025-08-18,0,698,526,0,1288,0,0,0,0,0,2884,190,102,0,45,0,305,171,0,813,84
2025-08-19,0,598,554,0,1310,0,0,0,0,0,2838,185,11,0,43,0,317,197,0,753,79
2025-08-20,0,600,632,0,1245,0,0,0,0,0,2867,205,46,0,43,0,316,250,0,860,80
2025-08-21,0,628,536,0,1273,0,0,0,0,0,2830,182,1,0,30,0,323,201,0,737,79
2025-08-22,0,586,520,0,1255,0,0,0,0,0,2731,185,9,0,30,0,321,194,0,739,90
2025-08-23,0,596,536,0,1253,0,0,0,0,0,2758,183,10,0,49,0,321,73,0,636,90
2025-08-24,0,345,342,0,578,0,0,0,0,0,1438,183,2,0,33,0,147,20,0,385,55
2025-08-25,0,638,529,0,1102,0,0,0,0,0,2713,183,46,0,49,0,322,177,0,777,77
2025-08-26,0,611,549,0,1239,0,0,0,0,0,2911,205,32,0,49,0,321,228,0,835,78
2025-08-27,12,563,548,0,1193,0,0,0,0,0,2761,198,18,0,22,0,321,278,0,837,74
2025-08-28,0,563,516,0,1466,0,0,0,0,0,2990,181,36,0,25,0,314,89,0,645,74
2025-08-29,0,619,504,0,1493,0,0,0,0,0,3010,197,98,0,46,0,317,88,0,746,90
2025-08-30,0,595,503,0,1468,0,0,0,0,0,2966,186,78,0,46,0,310,87,0,707,91
2025-08-31,0,485,362,0,998,1,0,0,0,0,2146,169,56,0,31,0,211,57,0,524,54
2025-09-01,0,571,549,0,1220,0,0,0,0,0,2735,167,119,0,46,0,316,89,0,737,77
2025-09-02,14,604,271,0,1249,0,0,0,0,0,2529,182,37,0,46,0,319,92,0,676,68
2025-09-03,0,594,271,0,1313,0,0,0,0,0,2588,178,44,0,46,0,323,93,0,684,77
2025-09-04,0,535,464,0,1304,7,0,0,0,0,2738,142,42,0,46,0,319,62,0,611,80
2025-09-05,0,532,535,0,1247,0,0,0,0,0,2743,152,49,0,48,0,328,98,0,675,103
2025-09-06,0,629,548,0,1255,0,0,0,0,0,2852,135,86,0,47,0,323,91,0,682,103
2025-09-07,0,524,430,0,894,0,0,0,0,0,2117,124,54,0,31,0,224,61,0,494,61
2025-09-08,0,599,265,0,1279,0,0,0,0,0,2558,141,9,0,48,0,324,92,0,614,71
2025-09-09,13,569,492,0,1171,0,0,0,0,0,2676,125,17,0,50,0,323,91,0,606,68
2025-09-10,0,546,544,0,1223,0,0,0,0,0,2755,146,50,0,50,0,258,110,0,614,71
2025-09-11,0,590,259,0,1265,0,0,0,0,0,2553,145,0,0,50,0,321,117,0,633,75
2025-09-12,0,634,528,0,1124,0,0,0,0,0,2664,147,6,0,50,0,323,88,0,614,92
2025-09-13,0,516,555,0,1020,0,0,0,0,0,2475,123,25,0,50,0,321,14,0,533,95
2025-09-14,0,417,430,0,752,0,0,0,0,0,1889,122,76,0,34,0,223,10,0,465,55
2025-09-15,0,584,544,0,1022,0,0,0,0,0,2528,122,165,0,34,0,319,23,0,663,65
2025-09-16,0,652,487,0,1001,0,0,0,0,0,2466,129,170,0,50,0,268,26,0,643,62
2025-09-17,0,626,546,0,1027,0,0,0,0,0,2437,92,56,0,50,0,317,119,0,634,61
2025-09-18,0,595,487,0,1198,0,0,0,0,0,2519,121,151,0,50,0,325,122,0,769,59
2025-09-19,0,573,444,0,1259,0,0,0,0,0,2514,123,188,0,50,0,314,86,0,761,71
2025-09-20,0,682,485,0,1360,0,0,0,0,0,2761,165,244,0,50,0,315,21,0,795,72
2025-09-21,0,489,381,0,967,0,0,0,0,0,1982,165,115,0,33,0,217,21,0,551,47
2025-09-22,0,589,526,0,1103,0,0,0,0,0,2560,117,124,0,49,0,317,97,0,704,77
2025-09-23,0,202,160,0,789,0,0,0,0,0,1252,114,0,0,33,31,69,3,0,250,49
2025-09-24,0,561,550,0,900,0,0,0,0,0,2306,103,0,0,50,13,304,63,12,545,80
2025-09-25,0,635,535,0,1053,0,0,0,0,0,2524,143,52,0,50,0,298,38,18,599,92
2025-09-26,0,654,555,0,1094,0,0,0,0,0,2608,135,74,0,45,0,325,54,0,633,95
2025-09-27,0,335,161,0,300,0,0,0,0,0,874,118,0,0,45,0,109,1,0,273,92
2025-09-28,0,276,145,0,212,0,0,0,0,0,638,120,0,0,30,0,65,0,0,215,51
2025-09-29,0,666,591,0,1191,0,0,0,0,0,2744,120,145,0,45,0,314,27,0,651,73
2025-09-30,6,553,479,0,906,1,0,0,0,0,2184,136,91,0,45,0,247,29,0,548,75
2025-10-01,0,687,641,0,1088,0,0,0,0,0,2730,126,39,0,49,0,292,25,0,531,94
2025-10-02,0,463,501,0,796,0,0,0,0,0,1976,167,18,0,33,0,179,20,0,417,53
2025-10-03,0,584,683,0,1160,0,0,38,0,0,2737,234,107,0,49,39,323,0,0,752,93
2025-10-04,0,592,734,0,1197,0,0,77,0,0,2811,166,109,0,49,71,323,0,0,718,95
2025-10-05,0,504,550,0,860,0,0,53,0,0,2093,145,50,0,33,31,210,0,0,469,52
2025-10-09,0,416,552,0,969,0,0,0,0,0,2163,147,3,0,48,60,249,16,0,523,82
2025-10-10,0,539,704,0,1230,0,0,0,0,0,2738,157,34,0,48,66,294,11,0,610,99
2025-10-11,0,478,680,0,1228,0,0,76,0,0,2609,170,87,0,48,51,315,0,0,671,98
2025-10-12,0,354,553,0,865,0,0,57,0,0,1964,141,16,0,32,42,216,0,0,447,55
2025-10-13,0,534,674,0,1251,0,0,0,0,0,2603,160,6,0,48,41,301,20,0,576,84
2025-10-14,0,575,686,0,1196,0,0,0,0,0,2740,148,9,0,46,63,322,31,0,619,84
2025-10-15,4,603,678,0,1212,14,0,0,0,0,2789,150,12,0,48,26,311,53,0,600,85
2025-10-16,0,589,684,0,1154,0,0,0,0,0,2706,140,6,0,48,62,338,42,0,636,85
2025-10-17,0,611,712,0,1162,0,0,0,0,0,2754,147,10,0,48,5,324,28,0,562,99
2025-10-18,0,594,658,0,1178,0,0,56,0,0,2752,148,0,0,48,41,328,0,0,565,95
2025-10-19,0,464,536,0,823,0,0,54,0,0,2112,134,4,0,32,35,227,0,0,432,53
2025-10-20,0,621,657,0,1126,0,0,1,0,0,2683,149,1,0,34,93,247,53,0,577,79
2025-10-21,0,649,720,0,1124,0,0,0,0,0,2749,149,8,0,40,117,179,150,0,643,92
2025-10-22,0,594,712,0,1190,0,0,0,0,0,2775,146,45,0,29,19,235,96,0,570,81
2025-10-23,0,609,702,0,1149,0,1,0,0,0,2728,148,27,0,35,46,266,36,0,558,100
2025-10-24,0,648,713,0,1165,0,0,0,0,0,2810,148,93,0,48,62,239,23,0,613,101
2025-10-25,0,638,693,0,1222,0,0,65,0,0,2879,154,97,0,52,30,317,0,0,650,103
2025-10-26,0,465,518,0,780,0,0,49,0,0,2030,134,61,0,33,13,189,0,0,430,53
2025-10-27,0,640,666,0,1261,0,0,0,0,0,2900,127,31,0,48,10,270,27,0,513,83
2025-10-28,0,607,665,0,1299,0,0,0,0,0,2938,149,15,0,48,37,241,31,0,521,83
2025-10-29,0,621,653,0,1227,0,0,0,0,0,2903,148,42,0,48,56,330,34,0,658,82
2025-10-30,0,634,657,0,1310,0,0,0,0,0,3009,148,80,0,48,62,272,97,0,707,95
2025-10-31,0,677,686,0,1298,0,0,0,0,0,3066,146,29,0,48,33,322,40,0,618,100
2025-11-01,0,658,663,0,1315,0,0,88,0,0,3118,171,83,0,39,70,317,0,0,680,99
2025-11-02,0,525,536,0,930,0,0,62,0,0,2343,162,60,0,27,55,223,0,0,527,53
2025-11-03,0,706,657,0,1286,0,0,37,0,0,3069,169,0,0,44,18,340,0,0,571,93
2025-11-04,9,675,655,0,1303,0,0,47,0,0,3074,241,44,0,49,25,316,0,0,675,90
2025-11-05,0,703,653,0,1275,0,0,0,0,0,3042,232,4,0,49,3,344,36,0,668,89
2025-11-06,9,676,653,0,1310,0,0,0,0,0,2941,202,42,0,49,13,323,26,0,655,91
2025-11-07,0,667,658,0,1338,0,0,0,0,0,3096,160,0,0,49,19,342,37,0,607,94
2025-11-08,0,695,658,0,1329,0,0,20,0,0,3117,162,4,0,49,11,336,0,0,562,93
2025-11-09,0,510,536,0,940,0,0,16,0,0,2292,148,9,0,33,1,221,0,0,412,51
2025-11-10,0,698,673,0,1351,0,0,0,0,0,2884,159,11,0,49,0,264,23,0,506,87
2025-11-11,0,730,682,0,1370,0,0,0,0,0,3157,158,0,0,49,12,336,38,0,593,76
2025-11-12,0,709,666,0,1353,0,0,0,0,0,3127,119,36,0,1,11,339,31,0,537,90
2025-11-13,12,464,546,0,970,0,0,0,0,0,2321,165,3,0,33,17,229,24,0,471,47
2025-11-14,0,603,666,0,1375,0,0,0,0,0,2987,157,5,0,48,23,337,24,0,594,89
2025-11-15,0,600,669,0,1293,0,0,20,0,0,2870,162,36,0,48,0,328,0,0,574,90
2025-11-16,0,401,545,0,895,0,0,47,0,0,2113,149,2,0,32,0,226,0,0,409,47
2025-11-17,0,633,697,0,1314,0,0,36,0,0,3049,160,8,0,48,0,323,0,0,539,59
2025-11-19,13,634,717,0,1343,0,0,0,0,0,3056,159,1,0,48,0,334,74,0,616,75
2025-11-20,0,636,732,0,1333,0,0,0,0,0,3046,161,1,0,48,0,329,68,0,607,74
2025-11-21,0,677,698,0,1339,0,0,0,0,0,3027,160,0,0,48,0,328,105,0,641,87
2025-11-22,0,688,736,0,1320,0,0,0,0,0,3111,160,7,0,48,0,339,85,0,639,67
2025-11-23,0,499,608,0,941,0,0,0,0,0,2355,156,2,0,33,0,213,56,0,460,38
2025-11-24,0,727,774,0,1290,0,0,0,0,0,3156,163,0,0,49,2,333,110,0,657,74
2025-11-25,0,357,445,0,679,0,0,0,0,0,1721,160,0,0,49,38,205,33,0,485,87
2025-11-26,0,209,301,0,396,0,0,0,0,0,1100,160,1,0,49,17,152,42,0,421,73
2025-11-27,0,689,629,0,1311,0,0,0,0,0,2927,160,1,0,49,0,320,327,0,857,90
2025-11-28,0,707,761,0,1322,0,0,0,0,0,3081,160,15,0,49,0,350,265,0,839,92
2025-11-29,0,673,758,0,1353,0,0,0,0,0,3032,162,10,0,49,0,336,176,0,733,90
2025-11-30,0,439,625,0,965,0,0,0,0,0,2260,153,4,0,33,0,234,40,0,464,52
2025-12-01,0,719,757,0,1397,0,0,0,0,0,3241,159,7,0,48,0,338,282,0,834,75
2025-12-02,4,740,750,0,1350,0,0,0,0,0,3329,164,3,0,48,0,343,214,0,772,90
2025-12-03,0,775,738,0,1360,0,0,0,0,0,3285,159,0,0,48,0,345,378,0,930,89
2025-12-04,0,730,721,0,1303,0,0,0,0,0,3216,160,14,0,48,8,336,251,0,817,91
2025-12-05,0,767,739,0,1325,0,0,0,0,0,3327,160,10,0,48,13,334,227,0,792,98
2025-12-06,0,768,728,0,1387,0,0,1,0,0,3390,161,40,0,48,12,339,58,0,658,99
2025-12-07,0,501,588,0,943,0,0,0,0,0,2436,151,11,0,33,0,239,30,0,464,55
2025-12-08,0,746,740,0,1365,0,0,0,0,0,3270,162,29,0,2,0,347,41,0,581,86
2025-12-09,0,771,743,0,1335,0,0,0,0,0,3250,160,58,0,1,0,350,185,0,754,88
2025-12-10,0,727,754,0,1300,18,0,0,0,0,3191,163,75,0,1,0,346,261,0,846,90
2025-12-11,0,785,747,0,1314,20,0,0,0,0,3246,119,77,0,1,0,341,195,0,733,79
2025-12-12,0,745,745,0,1270,24,0,0,0,0,3135,160,0,0,49,0,334,142,0,685,96
2025-12-13,0,762,753,0,1290,0,0,0,0,0,3145,160,5,0,48,43,331,66,0,653,95
2025-12-14,0,538,611,0,944,0,0,0,0,0,2360,147,11,0,33,0,231,38,0,460,51
2025-12-15,0,338,354,0,494,0,0,0,0,0,1383,161,0,0,48,35,163,179,0,586,82
2025-12-16,0,200,248,0,299,0,0,0,0,0,963,206,0,0,48,0,116,102,0,472,82
2025-12-17,0,678,790,0,1353,0,0,0,0,0,3189,162,1,0,48,0,351,83,0,645,81
2025-12-18,0,723,786,0,1366,44,0,0,0,0,3349,194,0,0,48,0,346,92,0,680,96
2025-12-19,0,748,794,0,1344,24,0,0,0,0,3325,197,49,0,48,0,341,76,0,711,95
2025-12-20,0,706,785,0,1320,0,0,0,0,0,3197,170,21,0,49,0,331,53,0,624,97
2025-12-21,0,541,647,0,927,0,0,0,0,0,2453,156,36,0,33,0,224,38,0,487,56
2025-12-22,0,750,794,0,1331,4,0,0,0,0,3278,168,18,0,50,0,332,59,0,627,96
2025-12-23,0,722,813,0,1345,16,0,0,0,0,3323,171,19,0,50,0,326,58,0,624,84
2025-12-24,0,716,806,0,1362,0,0,0,0,0,3308,158,24,0,34,0,329,69,0,637,99
2025-12-25,0,749,733,0,1384,11,0,0,0,0,3363,171,35,0,50,0,318,63,0,637,77
2025-12-26,0,761,711,0,1364,0,0,0,0,0,3325,171,7,0,50,0,301,54,0,583,88
2025-12-27,0,736,803,0,1370,0,0,0,0,0,3393,180,6,0,50,0,302,62,0,600,92
2025-12-28,0,548,634,0,978,0,0,0,0,0,2535,166,16,0,34,0,215,43,0,474,50
2025-12-29,0,734,742,0,1371,0,0,0,0,0,3215,171,14,0,50,0,314,80,0,629,80
2025-12-30,0,727,733,0,1376,0,0,0,0,0,3236,170,0,0,50,0,332,79,0,631,94
2025-12-31,0,730,761,0,1363,0,0,0,0,0,3287,182,25,0,50,0,341,87,0,685,92
2026-01-01,0,716,641,0,1374,0,0,0,0,0,3068,119,24,0,90,0,278,55,0,566,93
2026-01-02,0,727,641,0,1365,0,0,0,0,0,3072,121,61,0,90,0,271,47,0,590,95
2026-01-03,0,732,624,0,1362,0,0,0,0,0,3115,126,52,0,175,0,278,3,0,634,96
2026-01-04,0,552,541,0,961,0,0,0,0,0,2341,113,42,0,159,0,190,14,0,518,54
2026-01-05,0,784,482,0,1330,0,0,0,0,0,2942,129,100,0,140,0,283,134,0,786,94
2026-01-06,0,730,507,0,1323,0,0,0,0,0,2985,135,52,0,225,0,300,181,0,893,77
2026-01-07,0,687,540,0,1360,0,0,0,0,0,2992,150,19,0,194,10,339,403,0,1115,98
2026-01-08,0,689,631,0,1236,0,0,0,0,0,2959,121,0,0,275,27,353,390,0,1166,95
2026-01-09,0,812,624,0,1339,0,0,0,0,0,3108,129,15,0,263,11,334,375,0,1127,94
2026-01-10,0,755,590,0,1334,0,0,0,0,0,3011,141,9,0,249,23,278,150,0,850,89
2026-01-11,0,555,512,0,958,0,0,0,0,0,2380,127,9,0,233,15,199,66,0,649,38
2026-01-12,0,751,670,0,1340,0,0,0,0,0,3146,143,25,0,247,23,321,258,0,1017,81
2026-01-13,0,688,683,0,1313,0,0,0,0,0,3105,146,13,0,296,0,331,254,0,1040,74
2026-01-14,0,671,695,0,1323,0,0,0,0,0,3139,142,23,0,291,0,299,270,0,1025,93
2026-01-15,0,747,698,0,1342,0,0,0,0,0,3236,147,27,0,272,0,318,196,0,940,75
2026-01-16,0,728,699,0,1360,0,0,0,0,0,3239,144,94,0,267,0,299,91,0,895,93
2026-01-17,0,739,674,0,1341,0,0,0,0,0,3187,129,63,0,275,23,262,33,0,785,94
2026-01-18,0,592,537,0,901,0,0,0,0,0,2369,117,43,0,258,1,175,5,0,599,50
2026-01-19,0,747,665,0,1339,0,0,0,0,0,3162,111,1,0,275,0,274,223,0,884,94
2026-01-20,0,716,666,0,1323,0,0,0,0,0,3058,65,11,0,265,0,319,282,0,942,82
2026-01-21,0,742,689,0,1329,0,0,0,0,0,3129,57,11,0,308,0,319,233,0,928,82
2026-01-22,0,745,712,0,1302,0,0,0,0,0,3159,39,2,0,286,16,279,249,0,871,79
2026-01-23,0,736,705,0,1315,0,0,0,0,0,2958,2,24,0,251,48,270,165,0,760,86
2026-01-24,0,685,713,0,1344,0,0,0,0,0,2958,0,16,0,202,52,162,18,0,450,94
2026-01-25,0,540,569,0,939,0,0,0,0,0,2274,0,29,0,185,18,110,3,0,345,51
2026-01-26,0,705,678,0,1331,0,0,0,0,0,3046,0,25,0,200,25,214,161,0,625,91
2026-01-27,0,677,697,0,1339,0,0,0,0,0,3073,0,7,0,205,10,242,170,0,634,67
2026-01-28,0,680,658,0,1325,0,0,0,0,0,3027,0,56,0,184,20,256,109,0,625,73
2026-01-29,0,677,679,0,1329,0,1,0,0,0,3023,47,114,0,223,21,148,51,0,604,63
2026-01-30,0,673,656,0,1368,0,0,0,0,0,3076,31,94,0,285,31,76,86,0,603,70
2026-01-31,0,799,617,0,1348,0,0,48,0,0,3145,98,149,0,308,19,100,0,0,674,81
2026-02-01,0,604,549,0,961,0,0,25,0,0,2412,76,128,0,291,8,74,0,0,577,41
2026-02-02,0,914,690,0,1373,0,0,0,0,10,3315,75,190,0,306,12,110,0,0,693,69
2026-02-03,0,829,707,0,1373,0,0,0,0,25,3022,96,5,0,301,39,246,287,0,974,76
2026-02-04,0,881,705,0,1360,0,0,0,0,38,3074,76,6,0,311,38,261,359,0,1051,85
2026-02-05,0,902,708,0,1346,0,0,0,0,29,3139,57,49,0,308,57,216,179,0,866,73
2026-02-06,0,764,698,0,1336,0,0,0,0,32,3075,101,77,0,325,47,126,16,0,692,90
2026-02-07,0,873,702,0,1359,0,0,112,0,40,3332,132,98,0,349,59,113,0,0,751,88
2026-02-08,0,749,575,0,965,0,0,80,0,41,2583,133,141,0,333,24,81,0,0,712,49
2026-02-09,0,822,706,0,1364,0,0,0,0,43,3171,104,101,0,349,44,114,46,0,758,80
2026-02-10,0,822,706,0,1364,0,0,0,0,43,3171,121,45,0,313,23,125,1,0,628,83
2026-02-11,0,773,712,0,1339,0,0,55,0,61,3200,172,113,0,313,23,190,0,0,812,94
2026-02-12,0,808,714,0,1316,0,0,56,0,40,3166,135,82,0,235,22,172,0,0,646,86
2026-02-13,0,801,716,0,1362,0,0,60,0,46,3215,174,116,0,218,43,97,0,0,648,99
2026-02-14,0,800,706,0,1369,0,0,145,0,58,3308,139,91,0,222,40,98,0,0,590,98
2026-02-15,0,632,569,0,959,0,0,101,0,43,2464,134,11,0,208,24,76,0,0,453,57
2026-02-16,0,663,584,0,959,0,0,0,0,61,2437,157,13,0,214,12,113,48,0,557,58
2026-02-17,0,795,721,0,1329,0,0,0,0,58,3151,104,6,0,298,35,210,28,0,681,98
2026-02-18,0,760,719,0,1327,0,0,0,0,60,3139,132,0,0,290,34,145,75,0,676,96
2026-02-19,0,793,721,0,1335,0,0,0,0,71,3420,113,13,0,269,62,214,54,0,725,98
2026-02-20,0,829,719,0,1339,0,0,30,0,66,3507,198,84,0,265,19,157,0,0,723,100
2026-02-21,0,783,717,0,1330,0,0,12,0,71,3400,235,127,0,216,0,255,0,0,833,100
2026-02-22,0,770,707,0,1336,0,0,0,0,63,3390,221,177,0,216,0,260,0,0,874,98
2026-02-23,0,787,667,0,1332,0,0,0,0,162,3447,209,133,0,228,0,245,0,0,815,100
2026-02-24,0,757,714,0,1322,0,0,0,0,205,3511,222,129,0,181,0,248,0,0,780,98
2026-02-25,0,722,717,0,1315,0,0,0,0,237,3503,223,108,0,234,0,249,26,0,840,94
2026-02-26,0,708,710,0,1290,0,0,0,0,91,3316,234,47,0,231,0,251,74,0,837,94
2026-02-27,0,640,710,0,1289,0,0,0,0,21,3165,268,91,0,179,0,278,40,0,856,95
2026-02-28,0,653,687,0,1327,0,0,21,0,0,3120,290,126,0,142,30,272,0,0,860,95
2026-03-01,0,698,700,0,1335,0,0,57,0,0,3297,264,111,0,87,10,219,0,0,691,95
2026-03-02,0,706,702,0,1390,0,0,0,0,88,3424,250,37,0,87,28,214,25,0,641,93
2026-03-03,0,653,691,0,1399,0,0,0,0,53,3337,258,139,0,96,9,210,0,0,712,91
2026-03-04,0,498,535,0,921,0,0,0,0,18,2405,251,25,0,74,0,75,0,0,425,65
